output,parameter,lo,hi,y_lo,y_base,y_hi,span,relSpan
f_device,C_rs,0.02,0.07,0.156147077102587,0.282252610675683,0.333564890931128,0.177417813828541,0.628578114490495
f_device,R_aw_native,1,15,0.320581909994385,0.282252610675683,0.164351674784591,-0.156230235209794,0.553512099802355
f_device,target_VA_L_min,4.2,8.4,0.225573153611158,0.282252610675683,0.324299235859728,0.09872608224857,0.349779164175772
f_device,RR,12,36,0.210838442058762,0.282252610675683,0.429704250084067,0.218865808025305,0.775425274194502
f_device,K1_scale,0.5,1.5,0.275758245714574,0.282252610675683,0.288631539229211,0.0128732935146372,0.0456091211479669
f_device,K2_scale,0.5,1.5,0.172950413672199,0.282252610675683,0.366036684079756,0.193086270407557,0.684090290415132
f_device,Vd_upper_bypassed_mL,40,90,0.295339068250504,0.282252610675683,0.274675620753663,-0.020663447496841,0.0732090571186386
WOB_total_J_min,C_rs,0.02,0.07,12.297233311275,6.80304438427496,5.75653220770353,-6.54070110357142,0.961437370405823
WOB_total_J_min,R_aw_native,1,15,5.98966123209442,6.80304438427496,11.6833432973582,5.69368206526379,0.836931488852928
WOB_total_J_min,target_VA_L_min,4.2,8.4,3.29681887532355,6.80304438427496,11.0294047179378,7.7325858426142,1.13663610081508
WOB_total_J_min,RR,12,36,7.35452234893866,6.80304438427496,7.84408919769167,0.489566848753009,0.0719629067663631
WOB_total_J_min,K1_scale,0.5,1.5,6.74204064786142,6.80304438427496,6.8640481206885,0.122007472827081,0.0179342461897055
WOB_total_J_min,K2_scale,0.5,1.5,5.90395960168643,6.80304438427496,7.7021291668635,1.79816956517707,0.264318364485977
WOB_total_J_min,Vd_upper_bypassed_mL,40,90,7.93732502061714,6.80304438427496,6.2103724108505,-1.72695260976664,0.253849969545757
P_mus_mean,C_rs,0.02,0.07,14.4157101888737,7.58404352220707,6.28277368093723,-8.1329365079365,1.07237471463899
P_mus_mean,R_aw_native,1,15,6.76424352220707,7.58404352220707,12.5028435222071,5.7386,0.756667598649273
P_mus_mean,target_VA_L_min,4.2,8.4,5.14828304457392,7.58404352220707,9.8572343267917,4.70895128221778,0.620902460333905
P_mus_mean,RR,12,36,9.05885746206573,7.58404352220707,6.85339294243574,-2.20546451962999,0.290803252008259
P_mus_mean,K1_scale,0.5,1.5,7.52255852220707,7.58404352220707,7.64552852220707,0.122969999999999,0.0162143056853414
P_mus_mean,K2_scale,0.5,1.5,6.74557898332576,7.58404352220707,8.42250806108839,1.67692907776263,0.221112797263408
P_mus_mean,Vd_upper_bypassed_mL,40,90,8.24300743276413,7.58404352220707,7.22065221691654,-1.0223552158476,0.134803447904012
