t_hr,L,dist_to_fold,variance,ar1
98.0004083350347,14.791245085841,2.95875491415903,2.91435882144887,0.694157144555633
100.000416668403,14.7962927583153,2.95370724168473,2.94730509723158,0.695089435505683
102.000425001771,14.8013404307896,2.94865956921043,2.9497720482951,0.689101450341953
104.000433335139,14.8063881032639,2.94361189673613,2.94821814042396,0.690249862472387
106.000441668507,14.8114357757382,2.93856422426182,2.94602435351137,0.691360468475788
108.000450001875,14.8164834482125,2.93351655178752,2.95121217845073,0.692756909871969
110.000458335243,14.8215311206868,2.92846887931322,2.97432428277595,0.694905952218029
112.000466668611,14.8265787931611,2.92342120683892,2.98946326042237,0.696214003483009
114.000475001979,14.8316264656354,2.91837353436462,2.98839397158449,0.696151928821176
116.000483335347,14.8366741381097,2.91332586189032,2.98397460503899,0.695215707478789
118.000491668715,14.841721810584,2.90827818941601,2.98440163893797,0.695219759597301
120.000500002083,14.8467694830583,2.90323051694171,2.98024204384076,0.693282781423749
122.000508335451,14.8518171555326,2.89818284446741,2.97040687594573,0.691063730283254
124.000516668819,14.8568648280069,2.89313517199311,2.95892536423664,0.690873336032037
126.000525002188,14.8619125004812,2.88808749951881,2.96303042124628,0.693238128597699
128.000533335556,14.8669601729555,2.88303982704451,2.96750489815815,0.697029639003343
130.000541668924,14.8720078454298,2.8779921545702,2.9680033570079,0.697647717381536
132.000550002292,14.8770555179041,2.8729444820959,2.98482900618235,0.697651777637617
134.00055833566,14.8821031903784,2.8678968096216,2.98761963786497,0.700124702556677
136.000566669028,14.8871508628527,2.8628491371473,2.99105736519364,0.69851946693699
138.000575002396,14.892198535327,2.857801464673,2.99903738177051,0.698709656282718
140.000583335764,14.8972462078013,2.8527537921987,3.01814870270885,0.698358237987028
142.000591669132,14.9022938802756,2.84770611972439,3.0327791409678,0.70053116129615
144.0006000025,14.9073415527499,2.84265844725009,3.035198505083,0.698338442513983
146.000608335868,14.9123892252242,2.83761077477579,3.0469298273564,0.697366215624839
148.000616669236,14.9174368976985,2.83256310230149,3.03693888135775,0.693382701213358
150.000625002604,14.9224845701728,2.82751542982719,3.02618120558762,0.696183599234049
152.000633335972,14.9275322426471,2.82246775735289,3.03451004658037,0.693688915785423
154.00064166934,14.9325799151214,2.81742008487858,3.00846443602078,0.690833959734411
156.000650002708,14.9376275875957,2.81237241240428,2.99838104803287,0.691026373566617
158.000658336076,14.94267526007,2.80732473992998,3.01471617269609,0.695357543357411
160.000666669444,14.9477229325443,2.80227706745568,3.02200117594451,0.697970469187893
162.000675002812,14.9527706050186,2.79722939498138,3.01357130530553,0.698054397712764
164.000683336181,14.9578182774929,2.79218172250708,3.00883355610262,0.696908206564508
166.000691669549,14.9628659499672,2.78713405003278,3.01401823680502,0.699688828323395
168.000700002917,14.9679136224415,2.78208637755847,3.03325122891998,0.700910529959505
170.000708336285,14.9729612949158,2.77703870508417,3.02970839298344,0.699402701594248
172.000716669653,14.9780089673901,2.77199103260987,3.04568649880249,0.70134569751647
174.000725003021,14.9830566398644,2.76694336013557,3.02365702355116,0.696123524610937
176.000733336389,14.9881043123387,2.76189568766127,3.00502214745049,0.696077106887793
178.000741669757,14.993151984813,2.75684801518696,2.99314384312477,0.692987159173725
180.000750003125,14.9981996572873,2.75180034271266,2.9784961751334,0.6936157078542
182.000758336493,15.0032473297616,2.74675267023836,2.97874065170823,0.695028879451732
184.000766669861,15.0082950022359,2.74170499776406,3.00125740407055,0.699417666021455
186.000775003229,15.0133426747102,2.73665732528976,3.02039288985274,0.698954369556149
188.000783336597,15.0183903471845,2.73160965281546,3.0348363980694,0.69752495702063
190.000791669965,15.0234380196588,2.72656198034116,3.05559625382901,0.698640802324412
192.000800003333,15.0284856921331,2.72151430786685,3.06141051686793,0.696371828784554
194.000808336701,15.0335333646074,2.71646663539255,3.05686089254095,0.697579493801074
196.000816670069,15.0385810370817,2.71141896291825,3.05572895177025,0.697382818947983
198.000825003438,15.0436287095561,2.70637129044395,3.05412061494242,0.698855577914448
200.000833336806,15.0486763820304,2.70132361796965,3.04729915828513,0.701062143842175
202.000841670174,15.0537240545047,2.69627594549535,3.04205138524972,0.700767228119112
204.000850003542,15.058771726979,2.69122827302104,3.04154851382412,0.699587711957578
206.00085833691,15.0638193994533,2.68618060054674,3.02406102127128,0.696468528393313
208.000866670278,15.0688670719276,2.68113292807244,3.00259713226415,0.693552582821146
210.000875003646,15.0739147444019,2.67608525559814,2.98627648885459,0.692329670627317
212.000883337014,15.0789624168762,2.67103758312384,2.97882491907603,0.691447676722221
214.000891670382,15.0840100893505,2.66598991064954,2.97902485994895,0.69124238348717
216.00090000375,15.0890577618248,2.66094223817523,2.97106174720432,0.68913601699788
218.000908337118,15.0941054342991,2.65589456570093,2.97101605591219,0.688508537277694
220.000916670486,15.0991531067734,2.65084689322663,2.97275296582225,0.688029541416737
222.000925003854,15.1042007792477,2.64579922075233,2.97706169556622,0.690778239432899
224.000933337222,15.109248451722,2.64075154827803,2.97169327342856,0.690484321084903
226.00094167059,15.1142961241963,2.63570387580373,2.98367385818149,0.692624255412959
228.000950003958,15.1193437966706,2.63065620332942,2.99118819050594,0.688583738330628
230.000958337326,15.1243914691449,2.62560853085512,2.97473905378531,0.686708235961301
232.000966670694,15.1294391416192,2.62056085838082,2.97991001700531,0.686276419380777
234.000975004063,15.1344868140935,2.61551318590652,2.99064347840338,0.686403982834824
236.000983337431,15.1395344865678,2.61046551343222,2.99474219639527,0.691496695870518
238.000991670799,15.1445821590421,2.60541784095792,3.00925269295816,0.693769384999099
240.001000004167,15.1496298315164,2.60037016848361,3.02926923217991,0.696021697048362
242.001008337535,15.1546775039907,2.59532249600931,3.03353887131188,0.695906496023635
244.001016670903,15.159725176465,2.59027482353501,3.03096722656194,0.693503092462533
246.001025004271,15.1647728489393,2.58522715106071,3.03591109361574,0.68987763960076
248.001033337639,15.1698205214136,2.58017947858641,3.0299010579306,0.690605703711777
250.001041671007,15.1748681938879,2.57513180611211,3.0314870617859,0.692709763904266
252.001050004375,15.1799158663622,2.5700841336378,3.01786263833339,0.690546806916065
254.001058337743,15.1849635388365,2.5650364611635,3.01369181218991,0.688775953239697
256.001066671111,15.1900112113108,2.5599887886892,3.01854829319882,0.690142575885038
258.001075004479,15.1950588837851,2.5549411162149,3.04382487781644,0.698929632232848
260.001083337847,15.2001065562594,2.5498934437406,3.09095144447911,0.703553518645016
262.001091671215,15.2051542287337,2.5448457712663,3.12203030631571,0.70606968137246
264.001100004583,15.210201901208,2.53979809879199,3.15019819923787,0.706263703315927
266.001108337951,15.2152495736823,2.53475042631769,3.16320213110319,0.706729702831344
268.001116671319,15.2202972461566,2.52970275384339,3.16012576549199,0.702554764538077
270.001125004688,15.2253449186309,2.52465508136909,3.15607153634135,0.701821135070311
272.001133338056,15.2303925911052,2.51960740889479,3.15763013216589,0.703107220825841
274.001141671424,15.2354402635795,2.51455973642049,3.16804899032303,0.705541666147212
276.001150004792,15.2404879360538,2.50951206394618,3.18121277476502,0.708705016922453
278.00115833816,15.2455356085281,2.50446439147188,3.20138928458929,0.709951993412029
280.001166671528,15.2505832810024,2.49941671899758,3.20112514269952,0.703404211783263
282.001175004896,15.2556309534767,2.49436904652328,3.18972685362188,0.705017643095068
284.001183338264,15.260678625951,2.48932137404898,3.19393415818501,0.705871310380437
286.001191671632,15.2657262984253,2.48427370157468,3.19948350650509,0.705593783788908
288.001200005,15.2707739708996,2.47922602910037,3.20755616623562,0.708061200633956
290.001208338368,15.2758216433739,2.47417835662607,3.22621971928076,0.709676260798188
292.001216671736,15.2808693158482,2.46913068415177,3.23987530351087,0.709897728196229
294.001225005104,15.2859169883225,2.46408301167747,3.253225499377,0.711184279706611
296.001233338472,15.2909646607968,2.45903533920317,3.26050379728372,0.709145315699823
298.00124167184,15.2960123332711,2.45398766672887,3.24423997588146,0.706286444528083
300.001250005208,15.3010600057454,2.44893999425456,3.2399541687856,0.709700458583458
302.001258338576,15.3061076782197,2.44389232178026,3.24920221219278,0.709792486465798
304.001266671944,15.311155350694,2.43884464930596,3.24427082125549,0.710026075756207
306.001275005313,15.3162030231683,2.43379697683166,3.25022645327558,0.70937383217923
308.001283338681,15.3212506956426,2.42874930435736,3.25032542959919,0.707659167023673
310.001291672049,15.3262983681169,2.42370163188306,3.26320738162163,0.710756514965262
312.001300005417,15.3313460405912,2.41865395940875,3.27138120320263,0.711956915217056
314.001308338785,15.3363937130655,2.41360628693445,3.29439165873816,0.712944639850005
316.001316672153,15.3414413855399,2.40855861446015,3.31006612801295,0.710944511622377
318.001325005521,15.3464890580142,2.40351094198585,3.30767804406567,0.711231716720564
320.001333338889,15.3515367304885,2.39846326951155,3.31287443989021,0.711073109431304
322.001341672257,15.3565844029628,2.39341559703725,3.30582152283563,0.710189119742373
324.001350005625,15.3616320754371,2.38836792456294,3.29865722879513,0.710787017107305
326.001358338993,15.3666797479114,2.38332025208864,3.29346893213386,0.711174935600284
328.001366672361,15.3717274203857,2.37827257961434,3.28010959637803,0.711805388869889
330.001375005729,15.37677509286,2.37322490714004,3.27561019564544,0.712392295800103
332.001383339097,15.3818227653343,2.36817723466574,3.26986016072668,0.712417048721658
334.001391672465,15.3868704378086,2.36312956219144,3.26995570852466,0.713685583814317
336.001400005833,15.3919181102829,2.35808188971713,3.27110224640839,0.714952789778292
338.001408339201,15.3969657827572,2.35303421724283,3.29054229763203,0.716216092727378
340.001416672569,15.4020134552315,2.34798654476853,3.29950946083818,0.715366556651745
342.001425005938,15.4070611277058,2.34293887229423,3.30305782222527,0.71936598719117
344.001433339306,15.4121088001801,2.33789119981993,3.31818014037137,0.716607408393981
346.001441672674,15.4171564726544,2.33284352734563,3.30733479407432,0.714979077643037
348.001450006042,15.4222041451287,2.32779585487132,3.29327372043783,0.713868762380064
350.00145833941,15.427251817603,2.32274818239702,3.28083869316278,0.712945017871041
352.001466672778,15.4322994900773,2.31770050992272,3.26336677554343,0.712530134392742
354.001475006146,15.4373471625516,2.31265283744842,3.25977165598299,0.713330190538817
356.001483339514,15.4423948350259,2.30760516497412,3.25906276086608,0.709813690502391
358.001491672882,15.4474425075002,2.30255749249982,3.2280219835304,0.705590826329243
360.00150000625,15.4524901799745,2.29750982002551,3.21847935945557,0.706652694471036
362.001508339618,15.4575378524488,2.29246214755121,3.21812699353195,0.70658510628402
364.001516672986,15.4625855249231,2.28741447507691,3.20787654722887,0.70605047694588
366.001525006354,15.4676331973974,2.28236680260261,3.1899396568343,0.704212645270999
368.001533339722,15.4726808698717,2.27731913012831,3.16086607547386,0.705414582813031
370.00154167309,15.477728542346,2.27227145765401,3.14294796877062,0.701976083398617
372.001550006458,15.4827762148203,2.2672237851797,3.12218425988777,0.7063715619142
374.001558339826,15.4878238872946,2.2621761127054,3.12034778454161,0.706437043056281
376.001566673194,15.4928715597689,2.2571284402311,3.12066314880009,0.706799916561908
378.001575006563,15.4979192322432,2.2520807677568,3.12380563775261,0.706748808619325
380.001583339931,15.5029669047175,2.2470330952825,3.13358671615029,0.706525678264092
382.001591673299,15.5080145771918,2.2419854228082,3.14020218894822,0.70472566261223
384.001600006667,15.5130622496661,2.23693775033389,3.14717702037504,0.710032059463431
386.001608340035,15.5181099221404,2.23189007785959,3.16582177809952,0.712415059729993
388.001616673403,15.5231575946147,2.22684240538529,3.17456393993878,0.711185100442173
390.001625006771,15.528205267089,2.22179473291099,3.18287694349161,0.71316549887936
392.001633340139,15.5332529395633,2.21674706043669,3.1878435738013,0.710229516253198
394.001641673507,15.5383006120376,2.21169938796239,3.191578774657,0.710154507593817
396.001650006875,15.5433482845119,2.20665171548808,3.19608485450114,0.707917631957161
398.001658340243,15.5483959569862,2.20160404301378,3.19090194761541,0.706596737083672
400.001666673611,15.5534436294605,2.19655637053948,3.18525698315774,0.706078905009431
402.001675006979,15.5584913019348,2.19150869806518,3.18320577254011,0.705366979782309
404.001683340347,15.5635389744091,2.18646102559088,3.20308766193229,0.706842095009651
406.001691673715,15.5685866468834,2.18141335311658,3.23633232920781,0.71117676871383
408.001700007083,15.5736343193577,2.17636568064227,3.26179465762393,0.712366043921504
410.001708340451,15.578681991832,2.17131800816797,3.2848864072449,0.71393645949629
412.001716673819,15.5837296643063,2.16627033569367,3.29954242518686,0.714166193252726
414.001725007188,15.5887773367806,2.16122266321937,3.31738585052797,0.717199771600543
416.001733340556,15.5938250092549,2.15617499074507,3.32454743135942,0.716479349961639
418.001741673924,15.5988726817292,2.15112731827077,3.33463702382088,0.718097302941532
420.001750007292,15.6039203542035,2.14607964579646,3.33704978023316,0.715788927161767
422.00175834066,15.6089680266778,2.14103197332216,3.33354985397977,0.718579948326043
424.001766674028,15.6140156991521,2.13598430084786,3.34572746154016,0.715902327829458
426.001775007396,15.6190633716264,2.13093662837356,3.35299618099462,0.717732559684971
428.001783340764,15.6241110441007,2.12588895589926,3.35824118564828,0.718701039982108
430.001791674132,15.629158716575,2.12084128342496,3.35711531239482,0.717218706168253
432.0018000075,15.6342063890493,2.11579361095065,3.35580210688499,0.716221515814482
434.001808340868,15.6392540615236,2.11074593847635,3.34483562455157,0.712161602097766
436.001816674236,15.6443017339979,2.10569826600205,3.33697358485644,0.711128161451415
438.001825007604,15.6493494064723,2.10065059352775,3.31272079056976,0.705950176656118
440.001833340972,15.6543970789466,2.09560292105345,3.29491895224275,0.705767908959694
442.00184167434,15.6594447514209,2.09055524857914,3.29130981740011,0.706184488806051
444.001850007708,15.6644924238952,2.08550757610484,3.29396545415775,0.705866230567164
446.001858341076,15.6695400963695,2.08045990363054,3.29479860786891,0.705782607288564
448.001866674444,15.6745877688438,2.07541223115624,3.29233066545781,0.702989245421809
450.001875007813,15.6796354413181,2.07036455868194,3.29047555258036,0.70433106895317
452.001883341181,15.6846831137924,2.06531688620764,3.29788916004329,0.705666209620829
454.001891674549,15.6897307862667,2.06026921373333,3.30029427509553,0.705031880808847
456.001900007917,15.694778458741,2.05522154125903,3.28889352167084,0.701024676644616
458.001908341285,15.6998261312153,2.05017386878473,3.25380727321072,0.699260615559866
460.001916674653,15.7048738036896,2.04512619631043,3.21360821422847,0.698065878530238
462.001925008021,15.7099214761639,2.04007852383613,3.18289471078995,0.696583027467591
464.001933341389,15.7149691486382,2.03503085136183,3.1537676021667,0.696067669584985
466.001941674757,15.7200168211125,2.02998317888752,3.1396988701755,0.698246252318773
468.001950008125,15.7250644935868,2.02493550641322,3.13630669627451,0.698595199733978
470.001958341493,15.7301121660611,2.01988783393892,3.13790134978581,0.698501224980377
472.001966674861,15.7351598385354,2.01484016146462,3.16252026426885,0.699252965360072
474.001975008229,15.7402075110097,2.00979248899032,3.16743094011319,0.699297190280443
476.001983341597,15.745255183484,2.00474481651602,3.1908217452369,0.702043422489689
478.001991674965,15.7503028559583,1.99969714404171,3.19546104970615,0.705301587232621
480.002000008333,15.7553505284326,1.99464947156741,3.21010933896325,0.707294598461142
482.002008341701,15.7603982009069,1.98960179909311,3.21026513111054,0.707063142687604
484.002016675069,15.7654458733812,1.98455412661881,3.20885278594152,0.707925314631352
486.002025008438,15.7704935458555,1.97950645414451,3.20356880705287,0.707861315235063
488.002033341806,15.7755412183298,1.97445878167021,3.19310914238321,0.703515959088759
490.002041675174,15.7805888908041,1.9694111091959,3.1682436862011,0.702839359664586
492.002050008542,15.7856365632784,1.9643634367216,3.14938588378327,0.70385377852825
494.00205834191,15.7906842357527,1.9593157642473,3.13277028480553,0.703085343823966
496.002066675278,15.795731908227,1.954268091773,3.12543423676947,0.706220649048744
498.002075008646,15.8007795807013,1.9492204192987,3.13760589051853,0.707796113935311
500.002083342014,15.8058272531756,1.9441727468244,3.12973506458039,0.704615848257773
502.002091675382,15.8108749256499,1.93912507435009,3.14165087695865,0.706782204537512
504.00210000875,15.8159225981242,1.93407740187579,3.14947259621847,0.708329238820314
506.002108342118,15.8209702705985,1.92902972940149,3.1585098204058,0.707059198601101
508.002116675486,15.8260179430728,1.92398205692719,3.16873027982158,0.704211849311919
510.002125008854,15.8310656155471,1.91893438445289,3.14968560720397,0.700448612533479
512.002133342222,15.8361132880214,1.91388671197859,3.15213983159759,0.700422344184262
514.00214167559,15.8411609604957,1.90883903950428,3.15386299741719,0.702090058247739
516.002150008958,15.84620863297,1.90379136702998,3.15281468799714,0.701926240851451
518.002158342326,15.8512563054443,1.89874369455568,3.18157333462417,0.706148108161444
520.002166675695,15.8563039779186,1.89369602208138,3.18056287795407,0.70575773960321
522.002175009063,15.8613516503929,1.88864834960708,3.17865813468951,0.704116033125662
524.002183342431,15.8663993228672,1.88360067713278,3.1859411893767,0.703030739994438
526.002191675799,15.8714469953415,1.87855300465847,3.18535301482217,0.705358710017561
528.002200009167,15.8764946678158,1.87350533218417,3.18354992114498,0.702512437035882
530.002208342535,15.8815423402901,1.86845765970987,3.17533097272429,0.70278435501046
532.002216675903,15.8865900127644,1.86340998723557,3.16053925864072,0.702903550473932
534.002225009271,15.8916376852387,1.85836231476127,3.14971186492548,0.701963080591686
536.002233342639,15.896685357713,1.85331464228697,3.14738949054016,0.698635252146028
538.002241676007,15.9017330301873,1.84826696981266,3.12542164991307,0.697092403405015
540.002250009375,15.9067807026616,1.84321929733836,3.12220700467226,0.697136172547248
542.002258342743,15.9118283751359,1.83817162486406,3.1220247680277,0.700624326190554
544.002266676111,15.9168760476102,1.83312395238976,3.11613820170734,0.704967190459881
546.002275009479,15.9219237200845,1.82807627991546,3.1471966396729,0.708566589424795
548.002283342847,15.9269713925588,1.82302860744116,3.19334637755459,0.710514243994473
550.002291676215,15.9320190650331,1.81798093496685,3.19400361599696,0.705566224305929
552.002300009583,15.9370667375074,1.81293326249255,3.21227138340059,0.706015896775355
554.002308342951,15.9421144099817,1.80788559001825,3.22626857891243,0.704905253842172
556.00231667632,15.947162082456,1.80283791754395,3.22820255229307,0.706189154501997
558.002325009688,15.9522097549304,1.79779024506965,3.24165864406545,0.706341659634479
560.002333343056,15.9572574274047,1.79274257259535,3.24429127472916,0.709336023688743
562.002341676424,15.962305099879,1.78769490012104,3.25286458529989,0.711601317461085
564.002350009792,15.9673527723533,1.78264722764674,3.27404845988493,0.714299122816128
566.00235834316,15.9724004448276,1.77759955517244,3.27675968843682,0.713041386987204
568.002366676528,15.9774481173019,1.77255188269814,3.27550131254138,0.713888323195484
570.002375009896,15.9824957897762,1.76750421022384,3.26691623001191,0.711912709660876
572.002383343264,15.9875434622505,1.76245653774954,3.25256830596535,0.713738612730712
574.002391676632,15.9925911347248,1.75740886527523,3.25152706920311,0.71508617919409
576.00240001,15.9976388071991,1.75236119280093,3.24018952775732,0.714441110168161
578.002408343368,16.0026864796734,1.74731352032663,3.2471588030908,0.717515426404282
580.002416676736,16.0077341521477,1.74226584785233,3.24174729887101,0.713859686071426
582.002425010104,16.012781824622,1.73721817537803,3.23701796528671,0.712052149858528
584.002433343472,16.0178294970963,1.73217050290373,3.19760622076711,0.709418017453414
586.00244167684,16.0228771695706,1.72712283042943,3.17422350830656,0.707466999284021
588.002450010208,16.0279248420449,1.72207515795512,3.1549481381698,0.703757812771408
590.002458343576,16.0329725145192,1.71702748548082,3.12564661609969,0.704911938167585
592.002466676944,16.0380201869935,1.71197981300652,3.10919360280535,0.703322235322219
594.002475010313,16.0430678594678,1.70693214053222,3.11791194151196,0.706453805542027
596.002483343681,16.0481155319421,1.70188446805792,3.12006294709757,0.705548501755515
598.002491677049,16.0531632044164,1.69683679558361,3.12299913480456,0.705879521568696
600.002500010417,16.0582108768907,1.69178912310931,3.13940136966308,0.706489704219877
602.002508343785,16.063258549365,1.68674145063501,3.14637402856579,0.704919551733023
604.002516677153,16.0683062218393,1.68169377816071,3.1368789608963,0.702474807838692
606.002525010521,16.0733538943136,1.67664610568641,3.11464186475865,0.702009771630066
608.002533343889,16.0784015667879,1.67159843321211,3.09456828917316,0.699867446518292
610.002541677257,16.0834492392622,1.66655076073781,3.08895384163089,0.702351502492295
612.002550010625,16.0884969117365,1.6615030882635,3.08955563923729,0.699673661800213
614.002558343993,16.0935445842108,1.6564554157892,3.08822327535469,0.702355929021924
616.002566677361,16.0985922566851,1.6514077433149,3.09030323909517,0.698744945384484
618.002575010729,16.1036399291594,1.6463600708406,3.08944344422956,0.699699491450542
620.002583344097,16.1086876016337,1.6413123983663,3.08311491057664,0.697301084076198
622.002591677465,16.113735274108,1.63626472589199,3.06949426805304,0.699109536998857
624.002600010833,16.1187829465823,1.63121705341769,3.06844508494054,0.69888860254327
626.002608344201,16.1238306190566,1.62616938094339,3.06909680644296,0.69912630379172
628.002616677569,16.1288782915309,1.62112170846909,3.07655310695599,0.702059225715002
630.002625010938,16.1339259640052,1.61607403599479,3.09617620987198,0.700709468913398
632.002633344306,16.1389736364795,1.61102636352049,3.10900236664971,0.701329866182688
634.002641677674,16.1440213089538,1.60597869104619,3.12037181802176,0.699485816750279
636.002650011042,16.1490689814281,1.60093101857188,3.12671344689433,0.703159443593531
638.00265834441,16.1541166539024,1.59588334609758,3.14130993688604,0.70283096092314
640.002666677778,16.1591643263767,1.59083567362328,3.13315991157539,0.701798363173181
642.002675011146,16.164211998851,1.58578800114898,3.12734180463642,0.702130863507987
644.002683344514,16.1692596713253,1.58074032867468,3.13619288754316,0.703403451908014
646.002691677882,16.1743073437996,1.57569265620037,3.14461741003627,0.705473929221241
648.00270001125,16.1793550162739,1.57064498372607,3.1488821929719,0.70520473818231
650.002708344618,16.1844026887482,1.56559731125177,3.13956927766552,0.70325463376983
652.002716677986,16.1894503612225,1.56054963877747,3.13145222364941,0.699834432295254
654.002725011354,16.1944980336968,1.55550196630317,3.11390687843157,0.698925597040323
656.002733344722,16.1995457061711,1.55045429382887,3.11414039793849,0.700780242749619
658.00274167809,16.2045933786454,1.54540662135457,3.12775487892695,0.703738603302769
660.002750011458,16.2096410511197,1.54035894888026,3.14925977770514,0.707440031880063
662.002758344826,16.214688723594,1.53531127640596,3.18114356642905,0.712362684294983
664.002766678194,16.2197363960683,1.53026360393166,3.20402579655068,0.713400328594911
666.002775011563,16.2247840685426,1.52521593145736,3.22251615221458,0.715452681691863
668.002783344931,16.2298317410169,1.52016825898306,3.2460550490547,0.716616055256983
670.002791678299,16.2348794134912,1.51512058650875,3.26123851813337,0.715751183050659
672.002800011667,16.2399270859655,1.51007291403445,3.25775500318371,0.716316791205786
674.002808345035,16.2449747584398,1.50502524156015,3.26557410448243,0.714356102617655
676.002816678403,16.2500224309142,1.49997756908585,3.23572539930511,0.712291947226796
678.002825011771,16.2550701033885,1.49492989661155,3.22295795910643,0.708728728297154
680.002833345139,16.2601177758628,1.48988222413725,3.206623587897,0.708795336853378
682.002841678507,16.2651654483371,1.48483455166295,3.19980080692418,0.706424484879824
684.002850011875,16.2702131208114,1.47978687918864,3.19967320170294,0.705300759300937
686.002858345243,16.2752607932857,1.47473920671434,3.20801817003959,0.70657406312099
688.002866678611,16.28030846576,1.46969153424004,3.23363019037546,0.706604002328935
690.002875011979,16.2853561382343,1.46464386176574,3.25426694921956,0.705995130740896
692.002883345347,16.2904038107086,1.45959618929144,3.26396311396066,0.706370156874745
694.002891678715,16.2954514831829,1.45454851681713,3.26061202285284,0.704029234728877
696.002900012083,16.3004991556572,1.44950084434283,3.26121619766258,0.70266098529893
698.002908345451,16.3055468281315,1.44445317186853,3.26118724986392,0.704280943751296
700.002916678819,16.3105945006058,1.43940549939423,3.27816705408452,0.704588244743036
702.002925012188,16.3156421730801,1.43435782691993,3.27670950145996,0.705635831017337
704.002933345556,16.3206898455544,1.42931015444563,3.27874127431077,0.705321163027341
706.002941678924,16.3257375180287,1.42426248197133,3.27417789897158,0.70491526671189
708.002950012292,16.330785190503,1.41921480949702,3.26893760457224,0.707411367243576
710.00295834566,16.3358328629773,1.41416713702272,3.26687523962352,0.704865659821754
712.002966679028,16.3408805354516,1.40911946454842,3.24505204353513,0.702880741994946
714.002975012396,16.3459282079259,1.40407179207412,3.23114836851365,0.705629407985983
716.002983345764,16.3509758804002,1.39902411959982,3.21512143578868,0.701074210718558
718.002991679132,16.3560235528745,1.39397644712551,3.19143826600607,0.701496320558356
720.0030000125,16.3610712253488,1.38892877465121,3.1833285790404,0.700017256236884
722.003008345868,16.3661188978231,1.38388110217691,3.17679064761036,0.698869918115376
724.003016679236,16.3711665702974,1.37883342970261,3.16886241350384,0.696659140096782
726.003025012604,16.3762142427717,1.37378575722831,3.16159864707412,0.699075773225153
728.003033345972,16.381261915246,1.36873808475401,3.15668158245433,0.699464734377594
730.00304167934,16.3863095877203,1.36369041227971,3.16001915747989,0.701760670822287
732.003050012708,16.3913572601946,1.3586427398054,3.17726683865294,0.702879663904967
734.003058346076,16.3964049326689,1.3535950673311,3.19259959353175,0.70572156180414
736.003066679444,16.4014526051432,1.3485473948568,3.205274621559,0.707854081041279
738.003075012813,16.4065002776175,1.3434997223825,3.2112785053836,0.708131671007174
740.003083346181,16.4115479500918,1.3384520499082,3.20924306620361,0.708223009880127
742.003091679549,16.4165956225661,1.33340437743389,3.19561292308406,0.708818187533946
744.003100012917,16.4216432950404,1.32835670495959,3.18465485853572,0.70381768048852
746.003108346285,16.4266909675147,1.32330903248529,3.15887155153156,0.699413581220155
748.003116679653,16.431738639989,1.31826136001099,3.14143733470811,0.704922947089356
750.003125013021,16.4367863124633,1.31321368753669,3.14348778777633,0.702224199599903
752.003133346389,16.4418339849376,1.30816601506239,3.13300562797111,0.701373795891506
754.003141679757,16.4468816574119,1.30311834258809,3.13637897771116,0.703636946206016
756.003150013125,16.4519293298862,1.29807067011378,3.16663142589263,0.709546162004692
758.003158346493,16.4569770023605,1.29302299763948,3.20142654237405,0.714543056740528
760.003166679861,16.4620246748348,1.28797532516518,3.2450666391075,0.712628696847588
762.003175013229,16.4670723473091,1.28292765269088,3.28171561635579,0.709680861713517
764.003183346597,16.4721200197834,1.27787998021658,3.31105186373682,0.711403916808768
766.003191679965,16.4771676922577,1.27283230774227,3.37312973751399,0.712184041733326
768.003200013333,16.482215364732,1.26778463526797,3.42427280686588,0.712589040300438
770.003208346701,16.4872630372063,1.26273696279367,3.47711345951173,0.712636382876011
772.003216680069,16.4923107096806,1.25768929031937,3.51406394373832,0.714490596437765
774.003225013438,16.4973583821549,1.25264161784507,3.5612900860849,0.718410533127465
776.003233346806,16.5024060546292,1.24759394537077,3.61609124520046,0.718490248214017
778.003241680174,16.5074537271035,1.24254627289647,3.64416901489033,0.720686635979946
780.003250013542,16.5125013995778,1.23749860042216,3.66443268431671,0.718626409386413
782.00325834691,16.5175490720521,1.23245092794786,3.68053861833027,0.718462461320005
784.003266680278,16.5225967445264,1.22740325547356,3.7138935198158,0.718080795681575
786.003275013646,16.5276444170007,1.22235558299926,3.7169683630053,0.720859311955551
788.003283347014,16.532692089475,1.21730791052495,3.71148509889985,0.720445390891259
790.003291680382,16.5377397619493,1.21226023805065,3.72251481244008,0.72115245382408
792.00330001375,16.5427874344236,1.20721256557635,3.74271194046783,0.720461847500388
794.003308347118,16.5478351068979,1.20216489310205,3.74720899864993,0.723001970554441
796.003316680486,16.5528827793723,1.19711722062775,3.75670749836714,0.723813116201309
798.003325013854,16.5579304518466,1.19206954815345,3.79423112226557,0.725445886670974
800.003333347222,16.5629781243209,1.18702187567915,3.81848649126062,0.727857127229843
802.00334168059,16.5680257967952,1.18197420320485,3.84539320757768,0.729285453606241
804.003350013958,16.5730734692695,1.17692653073054,3.8769326329912,0.731555341299837
806.003358347326,16.5781211417438,1.17187885825624,3.92051235357856,0.731774027610903
808.003366680695,16.5831688142181,1.16683118578194,3.95897028651933,0.731618730489809
810.003375014063,16.5882164866924,1.16178351330764,3.97804103828362,0.733122101021333
812.003383347431,16.5932641591667,1.15673584083333,4.00251607504584,0.73156780600847
814.003391680799,16.598311831641,1.15168816835903,4.01650853664297,0.733019259531155
816.003400014167,16.6033595041153,1.14664049588473,4.0589297881,0.737938213266214
818.003408347535,16.6084071765896,1.14159282341043,4.08422877665142,0.738989399435082
820.003416680903,16.6134548490639,1.13654515093613,4.12547348487332,0.741404562851038
822.003425014271,16.6185025215382,1.13149747846183,4.16511261267026,0.742162121405523
824.003433347639,16.6235501940125,1.12644980598753,4.19764349342808,0.74078305629065
826.003441681007,16.6285978664868,1.12140213351323,4.22769799821982,0.744905980454878
828.003450014375,16.6336455389611,1.11635446103892,4.27536638525324,0.747457342945156
830.003458347743,16.6386932114354,1.11130678856462,4.30999593112521,0.750126216008217
832.003466681111,16.6437408839097,1.10625911609032,4.31551547978818,0.748101885607446
834.003475014479,16.648788556384,1.10121144361602,4.34132883762424,0.748697210789048
836.003483347847,16.6538362288583,1.09616377114172,4.36189564330587,0.74974181612558
838.003491681215,16.6588839013326,1.09111609866741,4.3832280971451,0.75207027004334
840.003500014583,16.6639315738069,1.08606842619311,4.42478265180438,0.754303776151406
842.003508347951,16.6689792462812,1.08102075371881,4.46663811727143,0.756807780089163
844.00351668132,16.6740269187555,1.07597308124451,4.50979531198397,0.757823870290329
846.003525014688,16.6790745912298,1.07092540877021,4.56726791883365,0.761071072838233
848.003533348056,16.6841222637041,1.06587773629591,4.61276573648345,0.761595774055705
850.003541681424,16.6891699361784,1.06083006382161,4.67069575832388,0.765379563611699
852.003550014792,16.6942176086527,1.0557823913473,4.73745008178155,0.769452927217711
854.00355834816,16.699265281127,1.050734718873,4.77866428292846,0.766674178305518
856.003566681528,16.7043129536013,1.0456870463987,4.16710504499788,0.759242977456924
858.003575014896,16.7093606260756,1.0406393739244,4.2032217975725,0.759299916487069
860.003583348264,16.7144082985499,1.03559170145009,4.21345011943726,0.756336768106676
862.003591681632,16.7194559710242,1.03054402897579,4.24662901318028,0.758426510625791
864.003600015,16.7245036434985,1.02549635650149,4.26423251544946,0.756191082782104
866.003608348368,16.7295513159728,1.02044868402719,4.29266181243082,0.759157670736308
868.003616681736,16.7345989884471,1.01540101155289,4.34045797270259,0.762780539821578
870.003625015104,16.7396466609214,1.01035333907859,4.40659911894043,0.764693969367406
872.003633348472,16.7446943333957,1.00530566660429,4.49048588683007,0.764409144167743
874.00364168184,16.74974200587,1.00025799412998,4.54797448932173,0.765499341302845
876.003650015208,16.7547896783443,0.995210321655684,4.60672424548083,0.768520428389643
878.003658348576,16.7598373508186,0.990162649181382,4.66372570332368,0.770961173537623
880.003666681945,16.7648850232929,0.985114976707081,4.75133834395189,0.773584387371786
882.003675015313,16.7699326957672,0.980067304232779,4.86723490462297,0.777004388638843
884.003683348681,16.7749803682415,0.975019631758478,5.01524671956697,0.78286006412807
886.003691682049,16.7800280407158,0.969971959284173,5.18045417826257,0.78750737053286
888.003700015417,16.7850757131901,0.964924286809872,5.34574570128368,0.789912005409302
890.003708348785,16.7901233856644,0.95987661433557,5.57103889124217,0.796244713237335
892.003716682153,16.7951710581387,0.954828941861269,5.78882479047839,0.800835598223745
894.003725015521,16.800218730613,0.949781269386968,5.99392152960177,0.800736766809095
896.003733348889,16.8052664030873,0.944733596912666,6.17370294111748,0.805609406454417
898.003741682257,16.8103140755616,0.939685924438365,6.3441074166073,0.806427020551235
900.003750015625,16.8153617480359,0.934638251964063,6.50376607614753,0.809292118911171
902.003758348993,16.8204094205102,0.929590579489762,6.64131872899548,0.809490296405217
904.003766682361,16.8254570929845,0.924542907015461,6.8158509446227,0.811010661872173
906.003775015729,16.8305047654588,0.919495234541159,7.02757959998627,0.814383739032598
908.003783349097,16.8355524379331,0.914447562066854,7.25934152036438,0.817495344710286
910.003791682465,16.8406001104074,0.909399889592557,7.48059236576985,0.818450957209731
912.003800015833,16.8456477828817,0.904352217118252,7.68770288099176,0.820260204827824
914.003808349201,16.850695455356,0.89930454464395,7.87154936944333,0.824369533703627
916.00381668257,16.8557431278304,0.894256872169649,8.07900963616876,0.828303798838531
918.003825015938,16.8607908003047,0.889209199695348,8.24981631451543,0.83370802033383
920.003833349306,16.865838472779,0.884161527221046,8.43690868155756,0.836293297023768
922.003841682674,16.8708861452533,0.879113854746745,8.62193820131156,0.838923453246799
924.003850016042,16.8759338177276,0.874066182272443,8.85222417492194,0.845933516214492
926.00385834941,16.8809814902019,0.869018509798142,9.05228398656652,0.845068098007803
928.003866682778,16.8860291626762,0.863970837323841,9.24609583491034,0.846246802461434
930.003875016146,16.8910768351505,0.858923164849539,9.47748593150028,0.849451764623275
932.003883349514,16.8961245076248,0.853875492375238,9.69415277327735,0.8526010769201
934.003891682882,16.9011721800991,0.848827819900933,9.90961358639463,0.855127822500469
936.00390001625,16.9062198525734,0.843780147426632,10.105249986641,0.856903872818695
938.003908349618,16.9112675250477,0.83873247495233,10.2705335755639,0.856599822434984
940.003916682986,16.916315197522,0.833684802478029,10.439632193378,0.859270866398131
942.003925016354,16.9213628699963,0.828637130003727,10.6238971927314,0.863527299467621
944.003933349722,16.9264105424706,0.823589457529426,10.8113817728131,0.864633442045151
946.00394168309,16.9314582149449,0.818541785055125,11.0060528472226,0.865679505219667
948.003950016458,16.9365058874192,0.813494112580823,11.1894287350866,0.868143222201379
950.003958349826,16.9415535598935,0.808446440106522,11.4015510421064,0.871020444487091
952.003966683195,16.9466012323678,0.803398767632221,11.5910284108156,0.872250913525731
954.003975016563,16.9516489048421,0.798351095157919,11.7948361997312,0.871960057738173
956.003983349931,16.9566965773164,0.793303422683614,11.9598873285712,0.871789671995017
958.003991683299,16.9617442497907,0.788255750209316,12.1063536754995,0.874601713604643
960.004000016667,16.966791922265,0.783208077735011,12.224321849745,0.872975739356386
962.004008350035,16.9718395947393,0.77816040526071,12.3919856077097,0.877381405735317
964.004016683403,16.9768872672136,0.773112732786409,12.6005699483098,0.877776874414164
966.004025016771,16.9819349396879,0.768065060312107,12.4764889073772,0.878862442936244
968.004033350139,16.9869826121622,0.763017387837806,12.7315110234767,0.881515332246646
970.004041683507,16.9920302846365,0.757969715363505,12.9960267887598,0.883249951570796
972.004050016875,16.9970779571108,0.752922042889203,13.2554792969541,0.884058600775241
974.004058350243,17.0021256295851,0.747874370414902,13.5126102709086,0.884836294752799
976.004066683611,17.0071733020594,0.7428266979406,13.7586594185535,0.88956918494835
978.004075016979,17.0122209745337,0.737779025466299,14.0254145551529,0.892432629915029
980.004083350347,17.017268647008,0.732731352991998,13.8908595695332,0.88763566802199
982.004091683715,17.0223163194823,0.727683680517693,14.1304987482403,0.890308964936715
984.004100017083,17.0273639919566,0.722636008043395,13.9193043692478,0.888727074333439
986.004108350451,17.0324116644309,0.71758833556909,14.1665220737601,0.891659689637422
988.004116683819,17.0374593369052,0.712540663094789,14.4412543012014,0.895669883464808
990.004125017188,17.0425070093795,0.707492990620487,14.715099843039,0.898436165945187
992.004133350556,17.0475546818538,0.702445318146186,14.989104109731,0.901908938303076
994.004141683924,17.0526023543281,0.697397645671884,15.2976522465366,0.904177929076135
996.004150017292,17.0576500268024,0.692349973197583,15.5875010010291,0.901751727024224
998.00415835066,17.0626976992767,0.687302300723282,15.859199504615,0.902569099250727
1000.00416668403,17.067745371751,0.68225462824898,16.1003473829158,0.90059884289179
1002.0041750174,17.0727930442253,0.677206955774679,16.3481258598809,0.902671613585641
1004.00418335076,17.0778407166996,0.672159283300378,16.5423263614607,0.899737815704876
1006.00419168413,17.0828883891739,0.667111610826076,16.7183057963423,0.901588805606062
1008.0042000175,17.0879360616482,0.662063938351771,16.6217528108384,0.90130603451134
1010.00420835087,17.0929837341225,0.65701626587747,16.8054793539068,0.901524244535366
1012.00421668424,17.0980314065968,0.651968593403168,16.3626395906384,0.898024468481181
1014.0042250176,17.1030790790711,0.646920920928867,16.5857130958585,0.903285785040883
1016.00423335097,17.1081267515454,0.641873248454566,16.7996765526767,0.9045954302589
1018.00424168434,17.1131744240197,0.636825575980264,16.9882981639171,0.904595141727634
1020.00425001771,17.118222096494,0.631777903505963,17.1657833406635,0.90593437962124
1022.00425835108,17.1232697689683,0.626730231031662,17.3335016763952,0.908116199901804
1024.00426668444,17.1283174414426,0.62168255855736,17.5418958871794,0.909358155106343
1026.00427501781,17.1333651139169,0.616634886083059,17.7557819262559,0.909320622583459
1028.00428335118,17.1384127863912,0.611587213608757,17.3613690165029,0.909391536074028
1030.00429168455,17.1434604588655,0.606539541134456,17.5905190015298,0.910418649038324
1032.00430001792,17.1485081313398,0.601491868660155,17.858226378533,0.911824829239983
1034.00430835128,17.1535558038142,0.59644419618585,18.0722964694291,0.90991799672748
1036.00431668465,17.1586034762885,0.591396523711548,18.3480808618928,0.911099813597917
1038.00432501802,17.1636511487628,0.586348851237247,18.6376190699971,0.911811742681573
1040.00433335139,17.1686988212371,0.581301178762946,18.871511826762,0.911391756826353
1042.00434168476,17.1737464937114,0.576253506288644,19.072878080387,0.910736465515474
1044.00435001813,17.1787941661857,0.571205833814343,19.2442933339886,0.908957665350153
1046.00435835149,17.18384183866,0.566158161340041,19.4202095557382,0.910495011545149
1048.00436668486,17.1888895111343,0.56111048886574,18.9807510612622,0.904710594117065
1050.00437501823,17.1939371836086,0.556062816391439,19.1715873371112,0.905638347460591
1052.0043833516,17.1989848560829,0.551015143917137,19.3453557505227,0.906784425653896
1054.00439168497,17.2040325285572,0.545967471442836,19.5354850647854,0.905367231166972
1056.00440001833,17.2090802010315,0.540919798968531,19.63986213284,0.90376004091875
1058.0044083517,17.2141278735058,0.535872126494233,19.7655526748388,0.902822039893944
