t_days,Cmax_trach,l_trach,Cmax_ETT,l_ETT
0,80,0.198939442146202,80,0.220026562216998
0.05,79.9283277286791,0.199117832487638,79.7792698280756,0.220635323127079
0.1,79.85734393671,0.199294824835516,79.5595993997886,0.221244514931616
0.15,79.7870420111941,0.199470427409294,79.3409836273353,0.221854131025613
0.2,79.7174154028125,0.199644648428161,79.1234174473475,0.22246416478501
0.25,79.6484576242078,0.199817496112555,78.9068958205874,0.223074609567487
0.3,79.5801622499839,0.199988978681674,78.6914137319474,0.223685458712425
0.35,79.5125228994946,0.200159104394326,78.4769661808987,0.224296705568165
0.4,79.4455332668,0.200327881471305,78.2635481961555,0.224908343450553
0.45,79.3791871264869,0.200495318077976,78.0511548413553,0.225520365626076
0.5,79.3134783084119,0.200661422385358,77.8397812025127,0.226132765347389
0.55,79.2484006977012,0.200826202567869,77.6294223880194,0.22674553585338
0.6,79.1839482347506,0.200989666801076,77.4200735286445,0.22735867036922
0.65,79.1201149152256,0.201151823259467,77.2117297775337,0.227972162106405
0.7,79.0568947900615,0.201312680114232,77.0043863102102,0.228586004262798
0.75,78.9942819654631,0.201472245531067,76.7980383245742,0.229200190022659
0.8,78.932270602905,0.201630527667988,76.5926810409029,0.229814712556671
0.85,78.8708549191314,0.201787534673162,76.3883097018508,0.230429565021955
0.9,78.8100291861563,0.201943274682758,76.1849195724494,0.231044740562085
0.95,78.7497877312631,0.202097755818813,75.9825059401072,0.231660232307087
1,78.6901249368565,0.202250986187492,75.78106411461,0.232276033373439
1.05,78.6310352346131,0.202402973892049,75.5805894281207,0.232892136864056
1.1,78.572513127372,0.202553726974425,75.3810772351792,0.233508535868273
1.15,78.5145531761403,0.202703253446427,75.1825229127024,0.23412522346182
1.2,78.4571499902594,0.202851561313049,74.9849218599847,0.234742192706787
1.25,78.4002982274041,0.202998658570576,74.7882694986971,0.23535943665158
1.3,78.3439925935833,0.203144553204704,74.5925612709831,0.235976948336901
1.35,78.2882278431395,0.203289253188669,74.3977926402632,0.236594720793286
1.4,78.232998778749,0.203432766481391,74.2039591012077,0.237212747009255
1.45,78.1783002514219,0.203575101025642,74.0110561695993,0.23783101996307
1.5,78.1241271605023,0.203716264746219,73.8190793816131,0.238449532625087
1.55,78.0704744536679,0.20385626554814,73.6280242938171,0.239068277957827
1.6,78.0173371269301,0.203995111314848,73.4378864831714,0.239687248916041
1.65,77.9647102246344,0.204132809906442,73.248661547029,0.240306438446776
1.7,77.9125888389984,0.204269369159121,73.0603451031353,0.240925839489424
1.75,77.8609681044323,0.20440479689836,72.8729327896283,0.241545444975766
1.8,77.8098432204115,0.204539100877165,72.6864202650383,0.242165247830018
1.85,77.7592094358203,0.204672288815281,72.5008032082885,0.242785240968855
1.9,77.7090620416957,0.204804368416604,72.3160773186944,0.243405417301438
1.95,77.6593963712262,0.20493534736761,72.1322383159642,0.244025769729431
2,77.6102077997528,0.205065233335799,71.9492819401984,0.244646291147007
2.05,77.5614917447684,0.205194033968147,71.7672039518904,0.245266974440854
2.1,77.513243665918,0.205321756889577,71.5860001319258,0.245887812490165
2.15,77.4654590649988,0.205448409701442,71.405666281583,0.246508798166622
2.2,77.4181334859599,0.205573999980023,71.2261982225327,0.247129924334377
2.25,77.3712625149026,0.205698535275041,71.0475917961925,0.247751183852275
2.3,77.3248417800803,0.205822023108181,70.8698428604203,0.248372569585453
2.35,77.2788669518986,0.205944470971635,70.6929473022655,0.248994074360736
2.4,77.2333337429149,0.206065886326656,70.5169010297745,0.249615690994811
2.45,77.1882379023136,0.206186276616882,70.3416999695682,0.250237412302732
2.5,77.1435752317979,0.206305649224513,70.1673400668417,0.250859231098001
2.55,77.0993415823157,0.206424011477507,69.9938172853643,0.251481140192657
2.6,77.0555328414512,0.206541370681883,69.8211276074796,0.252103132397338
2.65,77.0121449334243,0.206657734120437,69.6492670341054,0.252725200521358
2.7,76.9691738190907,0.206773109051467,69.4782315847339,0.253347337372754
2.75,76.9266154959414,0.20688750270751,69.3080172974313,0.253969535758344
2.8,76.8844659981032,0.207000922294093,69.1386202288381,0.254591788483767
2.85,76.8427213963385,0.207113374988493,68.9700364541694,0.25521408835352
2.9,76.8013777980453,0.207224867938518,68.802262067214,0.255836428170982
2.95,76.7604313472572,0.207335408261288,68.6352931803353,0.256458800738438
3,76.7198782246435,0.207445003042041,68.4691259244709,0.257081198857088
3.05,76.679714647509,0.20755365933294,68.3037564491325,0.257703615327052
3.1,76.6399368697942,0.207661384151906,68.1391809224064,0.258326042947366
3.15,76.6005411809978,0.20776818448437,67.9753955309527,0.25894847451597
3.2,76.5615239032981,0.207874067289961,67.8123964800061,0.259570902829687
3.25,76.5228814109381,0.207979039448732,67.6501799901459,0.260193320696617
3.3,76.484610113612,0.208083107805027,67.4887423034744,0.260815720912519
3.35,76.446706452741,0.208186279176525,67.3280796861494,0.261438096250664
3.4,76.4091669014725,0.208288560353214,67.1681884212592,0.26206043948907
3.45,76.3719879646805,0.208389958096369,67.0090648087968,0.262682743410696
3.5,76.3351661789656,0.208490479137539,66.8507051656596,0.26330500080352
3.55,76.2986981126548,0.208590130177549,66.6931058256495,0.263927204460619
3.6,76.2625803658017,0.208688917885513,66.536263139473,0.264549347180235
3.65,76.2268095701864,0.208786848897856,66.3801734747412,0.265171421765835
3.7,76.1913823893155,0.208883929817343,66.2248332159696,0.265793421026167
3.75,76.1562955184222,0.208980167212129,66.0702387645784,0.2664153377753
3.8,76.1215456844659,0.209075567614807,65.9163865388923,0.267037164832666
3.85,76.087129646133,0.209170137521478,65.7632729741403,0.267658895023085
3.9,76.0530441926999,0.209263883393951,65.6108945224562,0.268280521176789
3.95,76.0192861417336,0.209356811665178,65.4592476528784,0.268902036129434
4,75.9858523569188,0.20944892868925,65.3083288513496,0.269523432722106
4.05,75.9527397324459,0.209540240783407,65.158134620717,0.270144703801316
4.1,75.919945189876,0.209630754235825,65.0086614807328,0.270765842218991
4.15,75.8874656781402,0.209720475304799,64.8599059680531,0.271386840832453
4.2,75.8552981735403,0.209809410217936,64.7118646358175,0.272007692506163
4.25,75.8234396797482,0.209897565171354,64.5645340503526,0.272628390125643
4.3,75.7918872278061,0.20998494632889,64.4179108023256,0.273248926550478
4.35,75.7606378761269,0.21007155982132,64.2719915002851,0.273869294641069
4.4,75.7296887104935,0.210157411745585,64.1267727681517,0.274489487269222
4.45,75.6990368440593,0.210242508164028,63.9822512452178,0.275109497318219
4.5,75.668679417348,0.210326855103638,63.8384235861476,0.275729317682891
4.55,75.6386135982538,0.210410458555306,63.695286460977,0.276348941269678
4.6,75.608836582041,0.210493324473087,63.552836555114,0.276968360996681
4.65,75.5793455913288,0.210575458773516,63.4110705693381,0.277587569793708
4.7,75.5501378711786,0.210656867348585,63.269985219801,0.278206560602311
4.75,75.5212107035818,0.210737556024659,63.1295772380259,0.278825326375816
4.8,75.4925614028385,0.210817530574579,62.989843370908,0.279443860079345
4.85,75.4641873067654,0.210896796741484,62.8507803807142,0.280062154689826
4.9,75.4360857766958,0.210975360238173,62.7123850450834,0.280680203196001
4.95,75.4082541974799,0.21105322674647,62.5746541570261,0.281297998598422
5,75.3806899774842,0.211130401916591,62.4375845249249,0.281915533909438
5.05,75.3533905485919,0.21120689136653,62.301172972534,0.282532802153178
5.1,75.326353366203,0.211282700681444,62.1654163389796,0.283149796365521
5.15,75.299575909234,0.211357835413048,62.0303114787595,0.283766509594059
5.2,75.2730556801179,0.211432301079015,61.8958552607136,0.284382934902787
5.25,75.2467902048046,0.211506103162391,61.7620445668059,0.28499906537777
5.3,75.2207770327604,0.211579247111004,61.6288763016862,0.285614894082991
5.35,75.1950137369684,0.211651738336896,61.4963473850385,0.286230414095168
5.4,75.1694979139281,0.211723582215749,61.3644547505121,0.286845618508702
5.45,75.1442271832752,0.211794784087398,61.2331953457217,0.287460500435729
5.5,75.1191991836568,0.211865349266912,61.1025661322474,0.288075053006165
5.55,75.0944115890233,0.211935282998109,60.9725640856346,0.288689269367745
5.6,75.0698620981573,0.212004590482481,60.8431861953944,0.289303142686047
5.65,75.04554842996,0.212073276891964,60.7144294650028,0.289916666144514
5.7,75.0214683234511,0.212141347368447,60.5862909119016,0.290529832944471
5.75,74.9976195377688,0.212208807023285,60.4587675674977,0.291142636305122
5.8,74.9739998521699,0.212275660936817,60.3318564771635,0.291755069463552
5.85,74.9506070660296,0.212341914157884,60.2055547002369,0.292367125674712
5.9,74.9274389988417,0.212407571703367,60.0798593100209,0.292978798211399
5.95,74.9044934902184,0.212472638557719,59.9547673937842,0.293590080364231
6,74.8817683998905,0.212537119672503,59.8302760527606,0.294200965441604
6.05,74.8592616077073,0.212601019965946,59.7063824021496,0.294811446769653
6.1,74.8369710136367,0.212664344322489,59.5830835711157,0.295421517692195
6.15,74.8148945377648,0.212727097592346,59.4603767027891,0.296031171570668
6.2,74.7930301202966,0.212789284591069,59.3382589532351,0.29664040178921
6.25,74.7713757215551,0.212850910099119,59.2167274905082,0.29724920175944
6.3,74.7499293178648,0.21291197887317,59.0957795034466,0.297857564876241
6.35,74.7286889129374,0.212972495613272,58.9754121944811,0.298465484553359
6.4,74.7076525358645,0.213032464968108,58.855622778718,0.299072954227998
6.45,74.6868182328701,0.213091891558072,58.736408483939,0.299679967360841
6.5,74.6661840673109,0.213150779974892,58.6177665506009,0.30028651743606
6.55,74.6457481196763,0.213209134781262,58.4996942318359,0.300892597961319
6.6,74.625508487588,0.21326696051047,58.3821887934517,0.301498202467774
6.65,74.6054632858006,0.213324261666039,58.2652475139311,0.302103324510056
6.7,74.5856106462011,0.213381042721365,58.1488676844325,0.302707957666255
6.75,74.5659487178093,0.213437308119369,58.0330466087893,0.303312095537889
6.8,74.5464756667774,0.213493062272144,57.9177816035106,0.303915731749867
6.85,74.5271896763902,0.213548309560611,57.8030699977805,0.304518859950445
6.9,74.5080889470654,0.213603054334183,57.6889091334586,0.305121473811175
6.95,74.489171696353,0.213657300910427,57.5752963650799,0.305723567026843
7,74.4704361589356,0.213711053574735,57.4622290598546,0.306325133315398
7.05,74.4518805866286,0.213764316579996,57.3497045976683,0.306926166417875
7.1,74.4335032479694,0.213817094147458,57.2377203710818,0.307526660098312
7.15,74.4153024248069,0.213869390476208,57.1262737853315,0.308126608143653
7.2,74.3972764263988,0.213921209702361,57.0153622578851,0.308726004366052
7.25,74.3794235801673,0.213972555925263,56.9049832159426,0.309324842616392
7.3,74.3617422280535,0.21402343321768,56.7951341056128,0.309923116734402
7.35,74.3442307265171,0.214073845625516,56.6858123862751,0.310520820578761
7.4,74.3268874465365,0.214123797167532,56.5770155288016,0.311117948036676
7.45,74.3097107736089,0.214173291835075,56.4687410155566,0.31171449302386
7.5,74.29269910775,0.214222333591807,56.3609863403975,0.31231044948451
7.55,74.2758508634944,0.214270926373436,56.2537490086739,0.312905811391268
7.6,74.2591644698953,0.214319074087457,56.1470265372282,0.31350057274518
7.65,74.2426383705245,0.214366780612887,56.0408164543952,0.314094727575643
7.7,74.2262710234726,0.214414049800014,55.9351163000023,0.314688269940348
7.75,74.2100609013489,0.214460885470138,55.8299236253696,0.315281193925211
7.8,74.1940064912813,0.21450729141533,55.7252359933097,0.315873493644301
7.85,74.1781062949166,0.214553271398178,55.6210509781278,0.316465163239754
7.9,74.1623588284201,0.214598829151551,55.5173661656216,0.317056196881684
7.95,74.1467626224623,0.214643968378395,55.4141791530815,0.317646588768085
8,74.1313162184702,0.214688692762355,55.3114875492905,0.318236333124721
8.05,74.1160181792699,0.214733005936733,55.2092889745239,0.318825424205016
8.1,74.100867086212,0.214776911492545,55.1075810605499,0.319413856289925
8.15,74.0858615328867,0.214820412996499,55.0063614506291,0.32000162368781
8.2,74.0710001251238,0.214863513990787,54.9056277995147,0.320588720734297
8.25,74.0562814809927,0.214906217992878,54.8053777709665,0.321175141806699
8.3,74.0417042308023,0.214948528495313,54.7056090426462,0.321760881295335
8.35,74.0272670171011,0.214990448965509,54.6063193074369,0.32234593359532
8.4,74.0129684946775,0.215031982845556,54.5075062686367,0.322930293134471
8.45,73.998807330559,0.215073133552029,54.4091676399523,0.323513954373284
8.5,73.9847822040133,0.215113904475789,54.3113011454993,0.324096911804856
8.55,73.9708918065472,0.215154298981799,54.2139045198018,0.324679159954816
8.6,73.9571348419074,0.215194320408934,54.1169755077929,0.325260693381232
8.65,73.9435100260799,0.215233972069799,54.0205118648142,0.325841506674521
8.7,73.9300160872908,0.215273257250543,53.9245113566161,0.326421594457346
8.75,73.9166517660053,0.215312179210688,53.828971759358,0.327000951384508
8.8,73.9034158149285,0.215350741182944,53.7338908596076,0.327579572142832
8.85,73.890306998672,0.215388946374011,53.6392664543416,0.328157451451038
8.9,73.8773240907175,0.215426797973262,53.5450963509454,0.328734584059612
8.95,73.8644658854363,0.215464299117529,53.4513783672132,0.329310964750666
9,73.8517311906063,0.215501452912732,53.3581103313478,0.329886588337793
9.05,73.8391188242663,0.215538262442886,53.2652900819608,0.330461449665908
9.1,73.8266276147163,0.215574730769955,53.1729154680725,0.331035543611089
9.15,73.8142564005169,0.215610860933698,53.0809843491121,0.331608865080406
9.2,73.80200403049,0.215646655951525,52.9894945949173,0.332181409011745
9.25,73.7898693637184,0.215682118818352,52.898444085416,0.332753170375625
9.3,73.7778512695456,0.215717252506454,52.8078307082154,0.333324144190257
9.35,73.7659486275765,0.215752059965327,52.7176523666696,0.333894325470546
9.4,73.7541603276767,0.215786544121551,52.6279069753049,0.334463709256374
9.45,73.7424852699729,0.215820707878646,52.5385924580637,0.335032290623505
9.5,73.7309223648525,0.215854554116943,52.4497067483046,0.335600064683466
9.55,73.7194705329642,0.215888085693448,52.3612477888022,0.336167026583431
9.6,73.7081287052176,0.21592130544171,52.2732135317471,0.336733171506082
9.65,73.6968958227831,0.215954216171695,52.1856019387463,0.337298494669481
9.7,73.6857708370922,0.215986820669653,52.0984109808225,0.337862991326919
9.75,73.6747527098375,0.216019121697996,52.0116386384148,0.338426656766766
9.8,73.6638404103093,0.216051122002985,51.9252829013782,0.338989486312316
9.85,73.6530329217352,0.216082824296018,51.8393417689839,0.339551475321615
9.9,73.6423292428159,0.21611423124899,51.7538132499191,0.34011261918729
9.95,73.6317283808308,0.216145345514387,51.6686953622873,0.340672913336371
10,73.6212293516104,0.216176169725262,51.5839861336079,0.3412323532301
10.05,73.6108311795363,0.216206706495124,51.4996836008164,0.341790934363737
10.1,73.6005328975413,0.216236958417835,51.4157858102644,0.342348652266361
10.15,73.5903335471091,0.216266928067503,51.3322908177197,0.342905502500654
10.2,73.5802321782746,0.216296617998377,51.249196688366,0.343461480662695
10.25,73.5702278496238,0.216326030744752,51.1665014968033,0.344016582381728
10.3,73.5603196282938,0.216355168820863,51.0842033265033,0.34457080332361
10.35,73.5505065899728,0.216384034720787,51.0023002682066,0.345124139201473
10.4,73.5407878189001,0.216412630918348,50.9207904273379,0.345676585725382
10.45,73.531162407866,0.216440959867019,50.8396719189121,0.346228138636197
10.5,73.5216294582121,0.216469023999828,50.7589428664517,0.346778793712698
10.55,73.5121880798308,0.216496825729266,50.6786014019869,0.347328546771414
10.6,73.5028373911659,0.216524367447194,50.5986456660553,0.347877393666457
10.65,73.4935765192122,0.216551651524752,50.5190738077019,0.348425330289336
10.7,73.4844045995155,0.216578680312273,50.4398839844795,0.348972352568775
10.75,73.4753207736068,0.216605456146754,50.3610743624481,0.349518456470519
10.8,73.4663241952641,0.216631981333321,50.2826431161756,0.350063637997132
10.85,73.4574140313543,0.216658258142643,50.2045884287372,0.350607893187795
10.9,73.448589455836,0.216684288828526,50.1269084917155,0.351151218118089
10.95,73.4398496497485,0.216710075627867,50.0496015052011,0.351693608899777
11,73.4311938012121,0.21673562076058,49.9726656777916,0.352235061680579
11.05,73.4226211054277,0.21676092642952,49.8960992265924,0.352775572643938
11.1,73.414130764677,0.21678599482041,49.8199003772164,0.35331513800878
11.15,73.4057219883228,0.216810828101764,49.744067363784,0.35385375402927
11.2,73.3973939928082,0.216835428424824,49.6685984289232,0.35439141699456
11.25,73.3891460016574,0.21685979792348,49.5934918237695,0.354928123228529
11.3,73.3809772454753,0.216883938714205,49.5187458079658,0.355463869089518
11.35,73.3728869619477,0.216907852895989,49.444358649416,0.355998650971839
11.4,73.364874395841,0.216931542550264,49.3703286220544,0.356532465321626
11.45,73.3569387990025,0.216955009740845,49.2966540129252,0.357065308585543
11.5,73.3490794303602,0.21697825651386,49.2233331183983,0.35759717723749
11.55,73.3412955559231,0.217001284897685,49.1503642425202,0.358128067790232
11.6,73.3335864487807,0.217024096902883,49.0777456970138,0.358657976795191
11.65,73.3259513891035,0.217046694522142,49.0054758012785,0.359186900842225
11.7,73.3183896638216,0.217069079731157,48.9335528823902,0.359714836559402
11.75,73.3109005643817,0.217091254495223,48.8619752751013,0.360241780612775
11.8,73.3034833960334,0.217113220741668,48.7907413218406,0.360767729706138
11.85,73.2961374719894,0.21713498037708,48.7198493727134,0.361292680580789
11.9,73.2888621112856,0.217156535293586,48.6492977855016,0.361816630015277
11.95,73.2816566387812,0.217177887368798,48.5790849256636,0.362339574825152
12,73.2745203851586,0.21719903846576,48.5092091663341,0.362861511862699
12.05,73.2674526869232,0.217219990432896,48.4396688883245,0.363382438016676
12.1,73.2604528864041,0.217240745103963,48.3704624801225,0.36390235021204
12.15,73.253520331753,0.217261304297993,48.3015883378923,0.364421245409669
12.2,73.2466543769452,0.217281669819251,48.2330448654749,0.364939120606077
12.25,73.2398543817791,0.217301843457182,48.1648304743874,0.365455972833127
12.3,73.2331197118764,0.217321826986365,48.0969435838235,0.365971799157733
12.35,73.2264497386819,0.217341622166464,48.0293826206534,0.366486596681563
12.4,73.2198438394636,0.217361230742182,47.962146019424,0.367000362540727
12.45,73.2133013973129,0.217380654443214,47.8952322206653,0.367513093918461
12.5,73.2068218011441,0.217399894984205,47.8286396736599,0.368024788023685
12.55,73.2004044456951,0.217418954064702,47.7623668387912,0.368535442072438
12.6,73.1940487315266,0.21743783336911,47.6964121833972,0.369045053319274
12.65,73.1877540650228,0.217456534566651,47.6307741817327,0.36955361905729
12.7,73.181519858391,0.21747505931132,47.5654513149695,0.370061136617876
12.75,73.1753455274591,0.217493409248392,47.5004420711964,0.370567603370445
12.8,73.1692304970306,0.217511585998462,47.4357449454188,0.371073016722168
12.85,73.1631742014612,0.217529591155687,47.3713584395593,0.371577374117702
12.9,73.1571760798651,0.21754742630199,47.3072810624574,0.372080673038906
12.95,73.1512355761105,0.217565093007037,47.2435113298695,0.372582911004564
13,73.145352138819,0.217582592828203,47.1800477644688,0.373084085570087
13.05,73.1395252213664,0.217599927310532,47.1168888958456,0.373584194327226
13.1,73.133754281882,0.217617097986708,47.0540332605069,0.374083234903767
13.15,73.1280387832489,0.217634106377016,46.9914794018769,0.37458120496323
13.2,73.122378193104,0.217650953989309,46.9292258702964,0.375078102204559
13.25,73.1167719838379,0.217667642318976,46.8672712230235,0.375573924361802
13.3,73.1112196325951,0.217684172848906,46.8056140242327,0.376068669203799
13.35,73.1057206212736,0.217700547049459,46.744252845016,0.376562334533852
13.4,73.1002744365255,0.21771676637843,46.6831862633819,0.377054918189398
13.45,73.0948805697565,0.217732832281022,46.622412864256,0.377546418041673
13.5,73.089538517126,0.217748746189812,46.5619312394099,0.378036831995952
13.55,73.0842477795472,0.217764509524719,46.5017399852343,0.378526158009336
13.6,73.0790078626871,0.217780123692979,46.4418377084431,0.379014394044097
13.65,73.0738182769666,0.217795590089108,46.382223024089,0.379501538083202
13.7,73.06867853756,0.21781091009488,46.322894553448,0.379987588147159
13.75,73.0635881643957,0.217826085079294,46.2638509240193,0.380472542293733
13.8,73.0585466805301,0.217841116403394,46.2050907695253,0.380956398617648
13.85,73.0535536153615,0.21785600541066,46.1466127299117,0.381439155250292
13.9,73.0486085073439,0.217870753418885,46.0884154513475,0.381920810359412
13.95,73.0437108988552,0.217885361735443,46.0304975862247,0.382401362148811
14,73.0388603361231,0.21789983165749,45.972857793159,0.38288080885803
14.05,73.0340563692252,0.217914164471938,45.9154947369888,0.383359148762038
14.1,73.0292985520893,0.217928361455429,45.8584070887762,0.38383638017091
14.15,73.0245864424928,0.217942423874313,45.8015935258063,0.384312501429501
14.2,73.0199196020633,0.217956352984624,45.7450527315874,0.384787510917119
14.25,73.0152975962782,0.217970150032058,45.6887833958513,0.385261407047188
14.3,73.0107199944649,0.217983816251952,45.6327842145527,0.385734188266917
14.35,73.0061863698007,0.217997352869257,45.5770538898699,0.386205853056952
14.4,73.0016962993128,0.218010761098519,45.5215911302042,0.386676399931034
14.45,72.9972493638785,0.218024042143861,45.4663946501802,0.387145827435651
14.5,72.9928451482249,0.218037197198953,45.4114631706458,0.387614134149678
14.55,72.9884832409289,0.218050227447001,45.356795418672,0.388081318684027
14.6,72.9841632344178,0.218063134060718,45.3023901275055,0.388547379681689
14.65,72.9798847249683,0.218075918202309,45.2482460344639,0.389012315835469
14.7,72.9756473127074,0.218088581023451,45.1943618861158,0.389476125843198
14.75,72.9714506016118,0.218101123665268,45.1407364367445,0.38993880842032
14.8,72.9672941995085,0.218113547258319,45.0873684462234,0.390400362317758
14.85,72.9631777180739,0.218125852922573,45.0342566800163,0.390860786321599
14.9,72.9591007711849,0.218138041772327,44.9813999091772,0.391320079252772
14.95,72.9550629785409,0.218150114905356,44.9287969103505,0.391778239966732
15,72.9510639671973,0.218162073398305,44.876446465771,0.392235267353125
15.05,72.9471033673243,0.218173918319355,44.8243473632636,0.392691160335464
15.1,72.9431808121836,0.21818565072827,44.7724983962436,0.393145917870795
15.15,72.9392959381279,0.218197271676388,44.7208983637167,0.393599538949356
15.2,72.9354483846012,0.2182087822066,44.6695460702788,0.394052022594239
15.25,72.9316377941386,0.218220183353338,44.6184403261161,0.394503367861046
15.3,72.9278638123667,0.218231476142557,44.5675799470052,0.394953573837538
15.35,72.9241260880029,0.218242661591723,44.5169637543129,0.395402639643287
15.4,72.9204242728561,0.218253740709795,44.4665905749965,0.395850564429321
15.45,72.9167580218264,0.218264714497211,44.4164592416034,0.396297347377761
15.5,72.9131269929048,0.218275583945877,44.3665685922714,0.396742987701468
15.55,72.909530847174,0.218286350039146,44.3169174707286,0.397187484643672
15.6,72.9059692488076,0.218297013751812,44.2675047262934,0.397630837477605
15.65,72.9024418650704,0.218307576050091,44.2183292138745,0.398073045506134
15.7,72.8989483663184,0.218318037891606,44.169389793971,0.398514108061382
15.75,72.895488425999,0.218328400225381,44.1206853315239,0.398954024514739
15.8,72.8920617206508,0.21833866399182,44.0722146971871,0.399392794265075
15.85,72.8886679299032,0.218348830122698,44.023976770499,0.399830416709543
15.9,72.8853067364774,0.218358899541147,43.9759704361198,0.400266891277113
15.95,72.8819778261854,0.218368873161646,43.9281945837229,0.400702217429217
16,72.8786808879164,0.218378751890046,43.8806481079953,0.401136394659419
16.05,72.8754156117488,0.218388536629222,43.8333299086373,0.401569422493075
16.1,72.8721816940785,0.218398228263686,43.7862388903624,0.402001300486994
16.15,72.8689788364236,0.218407827663161,43.7393739628978,0.402432028229096
16.2,72.8658067427612,0.218417335690547,43.6927340409837,0.402861605338067
16.25,72.8626651195272,0.218426753201907,43.6463180443738,0.403290031463006
16.3,72.8595536756165,0.218436081046464,43.6001248978352,0.40371730628308
16.35,72.8564721223829,0.218445320066585,43.5541535311485,0.404143429507164
16.4,72.8534201736392,0.218454471097773,43.5084028791072,0.404568400873488
16.45,72.8503975456569,0.218463534968657,43.4628718815187,0.404992220149278
16.5,72.8474039571667,0.218472512500982,43.4175594832034,0.40541488713039
16.55,72.844439129358,0.218481404509599,43.3724646339952,0.405836401640948
16.6,72.8415027858792,0.218490211802459,43.3275862887413,0.406256763532978
16.65,72.8385946528377,0.218498935180597,43.2829234073023,0.406675972686036
16.7,72.8357144587996,0.218507575438129,43.2384749545523,0.407094029006836
16.75,72.8328619347902,0.218516133362239,43.1942399003784,0.407510932428878
16.8,72.8300368142936,0.218524609733173,43.1502172196815,0.407926682912069
16.85,72.8272388332528,0.218533005324229,43.1064058923631,0.408341280442458
16.9,72.8244677300697,0.218541320901748,43.0628049015042,0.408754725049158
16.95,72.8217232456051,0.218549557225106,43.0194132374362,0.409167016765403
17,72.8190051231788,0.218557715046704,42.9762298971795,0.40957815563331
17.05,72.8163131085695,0.218565795111963,42.9332538822422,0.409988141724343
17.1,72.8136469500149,0.218573798159315,42.8904841986206,0.410396975138975
17.15,72.8110063982114,0.218581724920192,42.847919856799,0.410804656006348
17.2,72.8083912061572,0.218589576119494,42.8055598717497,0.411211184483927
17.25,72.8058011276536,0.218597352480078,42.7634032629329,0.411616560757158
17.3,72.8032359228091,0.218605054706229,42.721449054297,0.412020785039112
17.35,72.8006953550307,0.218612683492677,42.679696274278,0.412423857570145
17.4,72.798179189662,0.218620239528687,42.6381439558004,0.412825778617535
17.45,72.7956871939823,0.218627723498045,42.5967911362764,0.413226548475138
17.5,72.7932191372073,0.21863513607906,42.5556368576063,0.413626167463023
17.55,72.790774790489,0.21864247794455,42.5146801661784,0.414024635927119
17.6,72.7883539269152,0.218649749761839,42.4739201128688,0.41442195423885
17.65,72.7859563215104,0.218656952192751,42.433355753042,0.414818122794778
17.7,72.7835817512347,0.218664085893604,42.3929861465501,0.415213142016237
17.75,72.7812299949847,0.218671151515203,42.3528103577335,0.415607012348964
17.8,72.7789008335932,0.218678149702833,42.3128274554204,0.415999734262735
17.85,72.7765940498291,0.218685081096256,42.2730365129272,0.416391308250996
17.9,72.7743094283973,0.218691946329702,42.2334366080581,0.416781734830488
17.95,72.7720467559392,0.218698746031865,42.1940268231054,0.417171014540878
18,72.7698058210321,0.218705480825899,42.1548062448493,0.417559147944384
18.05,72.7675864141897,0.21871215132941,42.1157739630049,0.417946135640813
18.1,72.7653883278616,0.218718758154449,42.0769290732972,0.418331978236751
18.15,72.7632113564338,0.218725301907513,42.0382706779412,0.418716676340263
18.2,72.7610552962284,0.218731783189532,41.999797883162,0.419100230585078
18.25,72.7589199455036,0.218738202595869,41.9615097991952,0.419482641630246
18.3,72.7568051044539,0.218744560716313,41.9234055402862,0.419863910159807
18.35,72.7547105752099,0.218750858135075,41.8854842246909,0.420244036882441
18.4,72.7526361618384,0.218757095430781,41.847744974675,0.420623022531135
18.45,72.7505816700219,0.218763273177433,41.8101869165146,0.421000867862832
18.5,72.748546906266,0.218769391946787,41.772809180496,0.421377573658092
18.55,72.7465316826564,0.218775452294044,41.7356109009156,0.42175314072074
18.6,72.7445358134958,0.218781454767954,41.6985912160799,0.422127569877519
18.65,72.7425591145949,0.218787399912948,41.6617492683058,0.422500861977745
18.7,72.7406014032722,0.218793288269132,41.62508420392,0.422873017892951
18.75,72.7386624983536,0.218799120372283,41.5885951732598,0.423244038516538
18.8,72.7367422201729,0.218804896753848,41.5522813306723,0.42361392476342
18.85,72.7348403905717,0.218810617940933,41.5161418345151,0.42398267756967
18.9,72.7329568328993,0.218816284456309,41.4801758471555,0.424350297892166
18.95,72.7310913720125,0.2188218968184,41.4443825349716,0.424716786708232
19,72.729243834276,0.218827455541283,41.4087610683511,0.42508214501528
19.05,72.7274140475622,0.218832961134683,41.3733106216922,0.425446373830453
19.1,72.7256018412513,0.21883841410397,41.3380303734031,0.425809474190263
19.15,72.723807046231,0.218843814950155,41.3029195059023,0.42617144715023
19.2,72.7220294948969,0.218849164169888,41.2679772051662,0.426532293789198
19.25,72.7202690211523,0.218854462255453,41.2332026600203,0.426892015216342
19.3,72.7185254604082,0.218859709694763,41.1985950664865,0.427250612525827
19.35,72.7167986495833,0.21886490697136,41.1641536246373,0.427608086828846
19.4,72.7150884271039,0.21887005456441,41.1298775381211,0.427964439258186
19.45,72.7133946329043,0.218875152948701,41.0957660141624,0.4283196709679
19.5,72.7117171084263,0.218880202594635,41.061818263562,0.428673783132976
19.55,72.7100556966194,0.218885203968233,41.0280335006966,0.42902677694901
19.6,72.7084102419411,0.218890157531125,40.9944109435192,0.42937865363187
19.65,72.7067805903563,0.218895063740549,40.9609498135586,0.429729414417371
19.7,72.7051665893377,0.21889992304935,40.9276493359202,0.430079060560934
19.75,72.7035680877234,0.218904735906401,40.8945087392849,0.430427593337258
19.8,72.701984935796,0.218909502756369,40.8615272559103,0.430775014039982
19.85,72.7004169874693,0.218914224033121,40.8287041216297,0.431121323981352
19.9,72.6988640981795,0.218918900166072,40.7960385758527,0.431466524491882
19.95,72.6973261245419,0.218923531581217,40.7635298615649,0.431810616920018
20,72.6958029243509,0.218928118701129,40.731177225328,0.432153602631801
20.05,72.6942943565794,0.218932661944956,40.6989799172801,0.432495483010529
20.1,72.6928002813798,0.21893716172842,40.666937191135,0.432836259456416
20.15,72.6913205600829,0.21894161846381,40.6350483041828,0.433175933386253
20.2,72.6898550551989,0.218946032559985,40.6033125172898,0.433514506233069
20.25,72.6884036304168,0.218950404422369,40.5717290948982,0.433851979445789
20.3,72.6869661506046,0.21895473445295,40.5402973050264,0.434188354488892
20.35,72.685542481809,0.218959023050275,40.509016419269,0.434523632842072
20.4,72.684132491256,0.218963270609452,40.4778857132387,0.434857815995141
20.45,72.6827360473503,0.218967477522145,40.4469044675907,0.435190905436636
20.5,72.6813530196759,0.21897164417657,40.4160719652743,0.435522902682965
20.55,72.6799832789953,0.2189757709575,40.3853874924284,0.435853809268513
20.6,72.6786266972502,0.218979858246253,40.3548503385149,0.436183626743879
20.65,72.6772831475613,0.218983906420698,40.3244597963191,0.436512356675554
20.7,72.6759525042282,0.218987915855251,40.2942151619492,0.436840000645601
20.75,72.6746346427294,0.21899188692087,40.2641157348368,0.437166560251325
20.8,72.6733294397224,0.218995819985057,40.2341608177364,0.437492037104955
20.85,72.6720367730436,0.218999715411852,40.2043497167259,0.437816432833311
20.9,72.6707565217085,0.219003573561835,40.1746817412063,0.438139749077483
20.95,72.6694885659114,0.219007394792122,40.1451562039016,0.438461987492508
21,72.6682327870257,0.219011179456365,40.1157724208591,0.438783149747037
