A,Cstar_mono,Cstar_ushape,g_mono,g_ushape
0,14.4567548263463,11.0590416477371,1,1.375
0.0025062656641604,15.0583678567545,11.5368328293767,0.996532710535535,1.37125002355513
0.0050125313283208,15.6530815464518,12.0104727850066,0.993068765792552,1.36751889121299
0.0075187969924812,16.2410083618253,12.4799971370833,0.989608170957372,1.3638066029736
0.0100250626566416,16.8222583318257,12.9454411993353,0.98615093123747,1.36011315883694
0.012531328320802,17.3969391136061,13.4068399791126,0.98269705186161,1.35643855880302
0.0150375939849624,17.9651560560499,13.8642281797303,0.979246538079994,1.35278280287184
0.0175438596491228,18.5270122612675,14.3176402028065,0.975799395164398,1.3491458910434
0.0200501253132832,19.0826086441378,14.7671101505927,0.972355628408319,1.34552782331769
0.0225563909774436,19.6320439899649,15.2126718282991,0.968915243127121,1.34192859969473
0.025062656641604,20.1754150103207,15.6543587464109,0.965478244658179,1.3383482201745
0.0275689223057644,20.7128163971393,16.0922041229984,0.962044638361029,1.33478668475701
0.0300751879699248,21.2443408751262,16.5262408860189,0.958614429617516,1.33124399344225
0.0325814536340852,21.7700792525438,16.9565016756099,0.955187623831946,1.32772014623024
0.0350877192982456,22.2901204704318,17.3830188463749,0.951764226431236,1.32421514312096
0.037593984962406,22.8045516503171,17.8058244696593,0.948344242865072,1.32072898411442
0.0401002506265664,23.3134581404689,18.2249503358184,0.944927678606058,1.31726166921062
0.0426065162907268,23.8169235607491,18.6404279564749,0.941514539149878,1.31381319840956
0.0451127819548872,24.3150298461083,19.052288566768,0.938104830015449,1.31038357171123
0.0476190476190476,24.8078572887739,19.4605631275922,0.934698556745085,1.30697278911565
0.050125313283208,25.2954845791776,19.8652823278257,0.931295724904655,1.3035808506228
0.0526315789473684,25.7779888456642,20.2664765865496,0.927896340083747,1.30020775623269
0.0551378446115288,26.2554456930247,20.6641760552552,0.92450040789583,1.29685350594531
0.0576441102756892,26.7279292398949,21.0584106200423,0.921107933978423,1.29351809976068
0.0601503759398496,27.1955121550563,21.4492099038051,0.917718923993259,1.29020153767878
0.06265664160401,27.6582656926785,21.8366032684082,0.914333383626456,1.28690381969962
0.0651629072681704,28.1162597265384,22.2206198168509,0.910951318588686,1.2836249458232
0.0676691729323308,28.56956278325,22.6012883954202,0.907572734615348,1.28036491604952
0.0701754385964912,29.018242074539,22.9786375958322,0.904197637466742,1.27712373037858
0.0726817042606516,29.4623635285935,23.3526957573622,0.900826032928242,1.27390138881037
0.075187969924812,29.9019918205218,23.7234909689623,0.897457926810478,1.2706978913449
0.0776942355889724,30.3371904019461,24.091051071368,0.894093324949511,1.26751323798217
0.0802005012531328,30.7680215297623,24.4554036591919,0.890732233207013,1.26434742872218
0.0827067669172932,31.1945462940907,24.8165760830054,0.887374657470455,1.26120046356493
0.0852130325814536,31.6168246454461,25.1745954514088,0.884020603653283,1.25807234251041
0.087719298245614,32.0349154211521,25.5294886330881,0.880670077695113,1.25496306555863
0.0902255639097744,32.4488763710229,25.8812822588595,0.877323085561912,1.25187263270959
0.0927318295739348,32.8587641823378,26.2300027237023,0.873979633246191,1.24880104396329
0.0952380952380952,33.2646345041299,26.5756761887772,0.870639726767196,1.24574829931973
0.0977443609022556,33.6665419708117,26.9183285834343,0.867303372171103,1.2427143987789
0.100250626566416,34.0645402251575,27.2579856072061,0.86397057553121,1.23969934234081
0.102756892230576,34.458681940664,27.594672731789,0.860641342948138,1.23670313000546
0.105263157894737,34.8490188433084,27.9284152030113,0.85731568055003,1.23372576177285
0.107769423558897,35.2356017327221,28.2592380427884,0.853993594492751,1.23076723764298
0.110275689223058,35.6184805027998,28.5871660510652,0.850675090960094,1.22782755761584
0.112781954887218,35.9977041617589,28.9122238077446,0.847360176163981,1.22490672169145
0.115288220551378,36.3733208516699,29.2344356746043,0.844048856344678,1.22200472986979
0.117794486215539,36.74537786747,29.5538257971986,0.840741137770997,1.21912158215087
0.120300751879699,37.1139216754788,29.8704181067492,0.837437026740515,1.21625727853468
0.12280701754386,37.4789979314298,30.1842363220208,0.834136529579785,1.21341181902124
0.12531328320802,37.8406514980331,30.4953039511846,0.830839652644549,1.21058520361053
0.12781954887218,38.1989264620823,30.8036442936688,0.827546402319965,1.20777743230256
0.130325814536341,38.5538661511209,31.1092804419945,0.82425678502082,1.20498850509733
0.132832080200501,38.9055131496805,31.4122352836003,0.820970807191758,1.20221842199484
0.135338345864662,39.2539093151033,31.7125315026517,0.817688475307504,1.19946718299508
0.137844611528822,39.5990957929619,32.0101915818386,0.814409795873091,1.19673478809806
0.140350877192982,39.9411130320882,32.3052378041591,0.811134775424094,1.19402123730379
0.142857142857143,40.2800007992223,32.5976922546899,0.807863420526856,1.19132653061224
0.145363408521303,40.6157981932937,32.8875768223437,0.804595737778733,1.18865066802344
0.147869674185464,40.948543659344,33.1749132016134,0.80133173380832,1.18599364953738
0.150375939849624,41.2782750021031,33.4597228943029,0.798071415275702,1.18335547515405
0.152882205513784,41.6050293992277,33.7420272112446,0.794814788872692,1.18073614487346
0.155388471177945,41.9288434142129,34.0218472740046,0.791561861323073,1.17813565869561
0.157894736842105,42.249753008985,34.2992040165733,0.788312639382854,1.1755540166205
0.160401002506266,42.5677935561859,34.5741181870444,0.785067129840513,1.17299121864812
0.162907268170426,42.8829998511574,34.8466103492797,0.781825339517258,1.17044726477849
0.165413533834586,43.1954061236332,35.1167008845614,0.778587275267274,1.16792215501159
0.167919799498747,43.5050460491485,35.3844099932314,0.77535294397799,1.16541588934743
0.170426065162907,43.8119527601733,35.6497576963173,0.772122352570338,1.16292846778601
0.172932330827068,44.1161588569784,35.9127638371455,0.768895507999017,1.16045989032732
0.175438596491228,44.4176964182413,36.1734480829421,0.765672417252758,1.15801015697138
0.177944862155388,44.7165970113986,36.4318299264197,0.762453087354602,1.15557926771817
0.180451127819549,45.0128917027534,36.6879286873525,0.759237525362166,1.1531672225677
0.182957393483709,45.3066110673419,36.941763514138,0.756025738367922,1.15077402151997
0.18546365914787,45.5977851985696,37.1933533853463,0.752817733499478,1.14839966457497
0.18796992481203,45.8864437176188,37.4427171112568,0.749613517919859,1.14604415173272
0.19047619047619,46.172615782638,37.6898733353814,0.746413098827792,1.1437074829932
0.192982456140351,46.4563300977163,37.9348405359769,0.743216483457997,1.14138965835642
0.195488721804511,46.7376149216494,38.1776370275426,0.74002367908148,1.13909067782238
0.197994987468672,47.0164980765033,38.4182809623079,0.736834693005824,1.13681054139107
0.200501253132832,47.2930069559805,38.6567903317052,0.733649532575491,1.13454924906251
0.203007518796992,47.5671685335942,38.8931829678324,0.730468205172128,1.13230680083668
0.205513784461153,47.839009370656,39.1274765449016,0.727290718214862,1.13008319671359
0.208020050125313,48.1085556240812,39.3596885806765,0.724117079160621,1.12787843669324
0.210526315789474,48.3758330540171,39.5898364378976,0.72094729550444,1.12569252077562
0.213032581453634,48.6408670312994,39.8179373256948,0.717781374779779,1.12352544896075
0.215538847117794,48.9036825447398,40.0440083009882,0.71461932455884,1.12137722124861
0.218045112781955,49.164304208251,40.2680662698772,0.711461152452897,1.11924783763921
0.220551378446115,49.4227562678117,40.4901279890175,0.708306866112618,1.11713729813255
0.223057644110276,49.6790626082768,40.7102100669862,0.705156473228397,1.11504560272863
0.225563909774436,49.9332467600368,40.9283289656349,0.702009981530691,1.11297275142744
0.228070175438596,50.1853319055291,41.1445010014321,0.698867398790358,1.11091874422899
0.230576441102757,50.4353408856069,41.3587423467925,0.695728732818998,1.10888358113328
0.233082706766917,50.6832962057675,41.571069031396,0.692593991469304,1.10686726214031
0.235588972431078,50.9292200422448,41.7814969434947,0.689463182635408,1.10486978725008
0.238095238095238,51.1731342479689,41.9900418312082,0.68633631425324,1.10289115646258
0.240601503759398,51.4150603583963,42.1967193038082,0.683213394300888,1.10093136977783
0.243107769423559,51.6550195972142,42.4015448329911,0.680094430798958,1.09899042719581
0.245614035087719,51.8930328819212,42.6045337541403,0.676979431810945,1.09706832871653
0.24812030075188,52.1291208292887,42.8057012675763,0.673868405443602,1.09516507433999
0.25062656641604,52.3633037607055,43.0050624397967,0.670761359847325,1.09328066406618
0.2531328320802,52.5956017074074,43.2026322047046,0.667658303216524,1.09141509789511
0.255639097744361,52.8260344155969,43.3984253648263,0.664559243790017,1.08956837582679
0.258145363408521,53.0546213514534,43.5924565925182,0.661464189851417,1.08774049786119
0.260651629072682,53.2813817060384,43.7847404311629,0.65837314972953,1.08593146399834
0.263157894736842,53.5063344000969,43.9752912963544,0.655286131798751,1.08414127423823
0.265664160401002,53.7294980887583,44.1641234770733,0.652203144479478,1.08236992858085
0.268170426065163,53.9508911661396,44.3512511368506,0.649124196238512,1.08061742702621
0.270676691729323,54.1705317698516,44.5366883149219,0.64604929558948,1.07888376957431
0.273182957393484,54.388437785413,44.7204489273704,0.642978451093252,1.07716895622515
0.275689223057644,54.6046268505719,44.90254676826,0.63991167135837,1.07547298697872
0.278195488721804,54.819116359539,45.0829955107586,0.636848965041475,1.07379586183504
0.280701754385965,55.0319234671335,45.2618087082501,0.633790340847748,1.07213758079409
0.283208020050125,55.2430650928444,45.4389997954377,0.630735807531347,1.07049814385588
0.285714285714286,55.4525579248086,45.6145820894356,0.627685373895859,1.06887755102041
0.288220551378446,55.6604184237079,45.7885687908525,0.624639048794754,1.06727580228767
0.290726817042607,55.8666628265877,45.9609729848638,0.62159684113184,1.06569289765768
0.293233082706767,56.0713071505979,46.1318076422746,0.61855875986173,1.06412883713042
0.295739348370927,56.2743671966585,46.3010856205734,0.615524813990314,1.0625836207059
0.298245614035088,56.4758585530521,46.4688196649751,0.612495012575236,1.06105724838412
0.300751879699248,56.6757965989437,46.6350224094555,0.609469364726373,1.05954972016507
0.303258145363409,56.8741965078309,46.7997063777756,0.606447879606332,1.05806103604877
0.305764411027569,57.0710732509254,46.9628839844969,0.603430566430938,1.0565911960352
0.308270676691729,57.2664416004673,47.1245675359874,0.600417434469742,1.05514020012437
0.31077694235589,57.4603161329739,47.2847692314175,0.597408493046527,1.05370804831628
0.31328320802005,57.6527112324246,47.443501163748,0.594403751539824,1.05229474061093
0.315789473684211,57.8436410933833,47.6007753207081,0.591403219383434,1.05090027700831
0.318295739348371,58.0331197240599,47.7566035857645,0.588406906066958,1.04952465750843
0.320802005012531,58.2211609493109,47.9109977390817,0.585414821136335,1.04816788211129
0.323308270676692,58.4077784135837,48.0639694584733,0.582426974194379,1.04682995081689
0.325814536340852,58.5929855838016,48.2155303203445,0.579443374901339,1.04551086362523
0.328320802005013,58.7767957521946,48.3656918006259,0.576464032975449,1.0442106205363
0.330827067669173,58.9592220390748,48.5144652756983,0.573488958193497,1.04292922155012
0.333333333333333,59.1402773955588,48.6618620233096,0.570518160391399,1.04166666666667
0.335839598997494,59.319974606238,48.8078932234824,0.56755164946478,1.04042295588596
0.338345864661654,59.4983262917973,48.9525699594133,0.564589435369558,1.03919808920798
0.340852130325815,59.6753449115849,49.0959032183644,0.56163152812255,1.03799206663275
0.343358395989975,59.8510427661324,49.2379038925459,0.55867793780207,1.03680488816025
0.345864661654135,60.0254319996277,49.3785827799902,0.555728674548545,1.03563655379049
0.348370927318296,60.198524602341,49.5179505854187,0.552783748565136,1.03448706352347
0.350877192982456,60.3703324130054,49.6560179210998,0.549843170118372,1.03335641735919
0.353383458646617,60.5408671211522,49.7927953076991,0.546906949538785,1.03224461529764
0.355889724310777,60.7101402694035,49.9282931751215,0.543975097221563,1.03115165733884
0.358395989974937,60.8781632557206,50.0625218633453,0.541047623627204,1.03007754348277
0.360902255639098,61.0449473356124,50.1954916232493,0.538124539282183,1.02902227372944
0.363408521303258,61.2105036243009,50.3272126174308,0.535205854779631,1.02798584807884
0.365914786967419,61.3748430988481,50.4576949210167,0.53229158078002,1.02696826653099
0.368421052631579,61.5379766002427,50.5869485224672,0.529381728011857,1.02596952908587
0.370927318295739,61.6999148354492,50.7149833243714,0.526476307272392,1.02498963574349
0.3734335839599,61.8606683794185,50.8418091442353,0.523575329428331,1.02402858650385
0.37593984962406,62.0202476770625,50.9674357152631,0.520678805416566,1.02308638136695
0.378446115288221,62.1786630451922,51.0918726871305,0.517786746244908,1.02216302033279
0.380952380952381,62.3359246744206,51.2151296267508,0.514899162992839,1.02125850340136
0.383458646616541,62.4920426310313,51.337216019034,0.512016066812264,1.02037283057267
0.385964912280702,62.6470268588127,51.4581412676386,0.509137468928287,1.01950600184672
0.388471177944862,62.80088718086,51.5779146957162,0.50626338063999,1.01865801722351
0.390977443609023,62.9536333013433,51.696545546649,0.503393813321221,1.01782887670304
0.393483709273183,63.1052748072458,51.814042984781,0.500528778421405,1.0170185802853
0.395989974937343,63.2558211700689,51.9304160961411,0.497668287466356,1.0162271279703
0.398496240601504,63.4052817475086,52.0456738891604,0.494812352059107,1.01545451975804
0.401002506265664,63.5536657851004,52.159825295382,0.491960983880752,1.01470075564852
0.403508771929825,63.7009824178362,52.2728791701648,0.489114194691296,1.01396583564174
0.406015037593985,63.8472406717518,52.3848442933799,0.486271996330525,1.01324975973769
0.408521303258145,63.9924494654865,52.4957293701006,0.483434400718887,1.01255252793638
0.411027568922306,64.1366176118154,52.6055430312865,0.48060141985838,1.01187414023781
0.413533834586466,64.279753819154,52.7142938344598,0.477773065833465,1.01121459664198
0.416040100250627,64.421866693037,52.8219902643766,0.474949350811982,1.01057389714889
0.418546365914787,64.5629647375713,52.9286407336908,0.472130287046091,1.00995204175853
0.421052631578947,64.7030563568626,53.0342535836123,0.469315886873216,1.00934903047091
0.423558897243108,64.8421498564182,53.1388370845584,0.466506162717013,1.00876486328603
0.426065162907268,64.9802534445247,53.2423994367999,0.463701127088351,1.00819954020389
0.428571428571429,65.1173752336021,53.3449487710998,0.460900792586304,1.00765306122449
0.431077694235589,65.253523241534,53.446493149347,0.458105171899165,1.00712542634782
0.433583959899749,65.3887053929752,53.5470405651837,0.455314277805472,1.0066166355739
0.43609022556391,65.5229295206364,53.6465989446263,0.452528123175053,1.00612668890271
0.43859649122807,65.656203366547,53.7451761466812,0.449746720970083,1.00565558633426
0.441102756892231,65.7885345832959,53.8427799639543,0.446970084246168,1.00520332786854
0.443609022556391,65.9199307352513,53.9394181232546,0.444198226153431,1.00476991350557
0.446115288220551,66.0503992997594,54.0350982861923,0.441431159937634,1.00435534324533
0.448621553884712,66.1799476683226,54.1298280497714,0.438668898941304,1.00395961708783
0.451127819548872,66.3085831477573,54.2236149469756,0.435911456604881,1.00358273503307
0.453634085213033,66.4363129613329,54.3164664473505,0.433158846467892,1.00322469708105
0.456140350877193,66.5631442498901,54.4083899575783,0.430411082170135,1.00288550323176
0.458646616541353,66.6890840729415,54.4993928220482,0.427668177452886,1.00256515348522
0.461152882205514,66.8141394097522,54.5894823234212,0.424930146160132,1.00226364784141
0.463659147869674,66.9383171604036,54.6786656831892,0.422197002239813,1.00198098630034
0.466165413533835,67.0616241468377,54.7669500622289,0.419468759745096,1.001717168862
0.468671679197995,67.1840671138849,54.8543425613508,0.416745432835665,1.00147219552641
0.471177944862155,67.3056527302738,54.9408502218424,0.414027035779033,1.00124606629355
0.473684210526316,67.4263875896246,55.0264800260066,0.41131358295188,1.00103878116343
0.476190476190476,67.546278211425,55.1112388976946,0.40860508884141,1.00085034013605
0.478696741854637,67.6653310419904,55.1951337028346,0.405901568046732,1.00068074321141
0.481203007518797,67.7835524554074,55.2781712499541,0.40320303528027,1.00052999038951
0.483709273182957,67.9009487544625,55.3603582906987,0.400509505369188,1.00039808167034
0.486215538847118,68.0175261715537,55.4417015203446,0.39782099325685,1.00028501705391
0.488721804511278,68.1332908695884,55.5222075783074,0.395137514004303,1.00019079654022
0.491228070175439,68.2482489428651,55.601883048645,0.392459082791777,1.00011542012927
0.493734335839599,68.3624064179411,55.6807344605569,0.389785714920228,1.00005888782106
0.496240601503759,68.4757692544857,55.7587682888773,0.387117425812894,1.00002119961558
0.49874686716792,68.5883433461183,55.835990954565,0.384454231016889,1.00000235551284
0.50125313283208,68.7001345212339,55.9124088251874,0.381796146204818,1.00000235551284
0.503759398496241,68.8111485438138,55.9880282154007,0.379143187176428,1.00002119961558
0.506265664160401,68.9213911142229,56.0628553874252,0.376495369860284,1.00005888782106
0.508771929824561,69.0308678699943,56.1368965515161,0.37385271031548,1.00011542012927
0.511278195488722,69.1395843866002,56.2101578664299,0.371215224733377,1.00019079654022
0.513784461152882,69.2475461782105,56.2826454398861,0.368582929439378,1.00028501705391
0.516290726817043,69.3547586984381,56.3543653290252,0.365955840894732,1.00039808167034
0.518796992481203,69.4612273410725,56.4253235408613,0.363333975698375,1.00052999038951
0.521303258145363,69.5669574408005,56.4955260327313,0.360717350588802,1.00068074321141
0.523809523809524,69.6719542739156,56.5649787127397,0.358105982445977,1.00085034013605
0.526315789473684,69.7762230590149,56.6336874401983,0.35549988829328,1.00103878116343
0.528822055137845,69.8797689576848,56.7016580260631,0.352899085299491,1.00124606629355
0.531328320802005,69.9825970751748,56.7688962333659,0.350303590780806,1.00147219552641
0.533834586466165,70.0847124610607,56.8354077776426,0.347713422202904,1.001717168862
0.536340852130326,70.1861201098958,56.9011983273568,0.345128597183041,1.00198098630034
0.538847117794486,70.2868249618522,56.9662735043196,0.342549133492196,1.00226364784141
0.541353383458647,70.3868319033504,57.0306388841057,0.33997504905725,1.00256515348522
0.543859649122807,70.4861457676787,57.0942999964654,0.337406361963216,1.00288550323176
0.546365914786967,70.5847713356023,57.1572623257323,0.334843090455506,1.00322469708105
0.548872180451128,70.6827133359619,57.2195313112277,0.332285252942251,1.00358273503307
0.551378446115288,70.7799764462619,57.2811123476608,0.329732867996658,1.00395961708783
0.553884711779449,70.8765652932496,57.3420107855253,0.327185954359424,1.00435534324533
0.556390977443609,70.972484453483,57.402231931492,0.324644530941195,1.00476991350557
0.558897243107769,71.0677384538903,57.4617810487983,0.322108616825069,1.00520332786854
0.56140350877193,71.1623317723191,57.5206633576329,0.319578231269167,1.00565558633426
0.56390977443609,71.2562688380761,57.5788840355181,0.317053393709235,1.00612668890271
0.566416040100251,71.3495540324582,57.6364482176876,0.314534123761319,1.0066166355739
0.568922305764411,71.4421916892732,57.693360997461,0.312020441224488,1.00712542634782
0.571428571428571,71.5341860953526,57.7496274266149,0.309512366083608,1.00765306122449
0.573934837092732,71.6255414910548,57.8052525157505,0.30700991851219,1.00819954020389
0.576441102756892,71.7162620707596,57.8602412346572,0.304513118875284,1.00876486328603
0.578947368421053,71.8063519833539,57.9145985126737,0.302021987732441,1.00934903047091
0.581453634085213,71.895815332709,57.9683292390446,0.29953654584074,1.00995204175853
0.583959899749373,71.9846561781487,58.0214382632746,0.297056814157876,1.01057389714889
0.586466165413534,72.0728785349103,58.0739303954787,0.294582813845322,1.01121459664198
0.588972431077694,72.1604863745957,58.1258104067294,0.29211456627155,1.01187414023781
0.591478696741855,72.2474836256154,58.1770830294007,0.289652093015335,1.01255252793638
0.593984962406015,72.3338741736236,58.2277529575085,0.287195415869122,1.01324975973769
0.596491228070175,72.419661861946,58.2778248470482,0.284744556842474,1.01396583564174
0.598997493734336,72.5048504919988,58.3273033163287,0.282299538165596,1.01470075564852
0.601503759398496,72.5894438237004,58.3761929463037,0.279860382292936,1.01545451975804
0.604010025062657,72.6734455758749,58.4244982808995,0.277427111906872,1.0162271279703
0.606516290726817,72.7568594266483,58.4722238273401,0.274999749921481,1.0170185802853
0.609022556390977,72.8396890138362,58.5193740564687,0.272578319486393,1.01782887670304
0.611528822055138,72.9219379353248,58.5659534030667,0.270162843990738,1.01865801722351
0.614035087719298,73.0036097494438,58.6119662661696,0.267753347067184,1.01950600184672
0.616541353383459,73.0847079753315,58.6574170093795,0.265349852596064,1.02037283057267
0.619047619047619,73.1652360932937,58.7023099611752,0.262952384709613,1.02125850340136
0.621553884711779,73.2451975451535,58.7466494152191,0.260560967796289,1.02216302033279
0.62406015037594,73.3245957345952,58.7904396306616,0.258175626505213,1.02308638136695
0.6265664160401,73.4034340274998,58.8336848324418,0.255796385750707,1.02402858650385
0.629072681704261,73.4817157522743,58.8763892115863,0.253423270716943,1.02498963574349
0.631578947368421,73.5594442001725,58.9185569255048,0.251056306862707,1.02596952908587
0.634085213032581,73.6366226256099,58.9601920982828,0.24869551992628,1.02696826653099
0.636591478696742,73.7132542464704,59.0012988209719,0.24634093593044,1.02798584807884
0.639097744360902,73.7893422444066,59.0418811518769,0.243992581187586,1.02902227372944
0.641604010025063,73.8648897651324,59.0819431168408,0.241650482304996,1.03007754348277
0.644110275689223,73.939899918709,59.1214887095268,0.239314666190208,1.03115165733884
0.646616541353383,74.014375779823,59.1605218916976,0.23698516005655,1.03224461529764
0.649122807017544,74.0883203880588,59.1990465934921,0.234661991428802,1.03335641735919
0.651629072681704,74.1617367481625,59.2370667137,0.232345188149011,1.03448706352347
0.654135338345865,74.2346278302991,59.274586120033,0.230034778382449,1.03563655379049
0.656641604010025,74.3069965703036,59.3116086493942,0.227730790623737,1.03680488816025
0.659147869674185,74.3788458699236,59.3481381081446,0.225433253703121,1.03799206663275
0.661654135338346,74.4501785970555,59.3841782723671,0.223142196792919,1.03919808920798
0.664160401002506,74.5209975859735,59.4197328881286,0.220857649414142,1.04042295588596
0.666666666666667,74.5913056375517,59.4548056717386,0.218579641443294,1.04166666666667
0.669172932330827,74.6611055194782,59.4894003100065,0.216308203119345,1.04292922155012
0.671679197994987,74.7303999664631,59.5235204604959,0.214043365050915,1.0442106205363
0.674185463659148,74.7991916804382,59.5571697517764,0.211785158223636,1.04551086362523
0.676691729323308,74.8674833307501,59.5903517836737,0.209533614007735,1.04682995081689
0.679197994987469,74.9352775543457,59.6230701275168,0.207288764165814,1.04816788211129
0.681704260651629,75.0025769559501,59.6553283263829,0.205050640860864,1.04952465750843
0.684210526315789,75.0693841082372,59.6871298953408,0.202819276664494,1.05090027700831
0.68671679197995,75.1357015519932,59.7184783216907,0.200594704565408,1.05229474061093
0.68922305764411,75.2015317962711,59.7493770652031,0.198376957978114,1.05370804831628
0.691729323308271,75.2668773185394,59.7798295583548,0.196166070751899,1.05514020012437
0.694235588972431,75.3317405648211,59.8098392065627,0.193962077180058,1.0565911960352
0.696741854636591,75.396123949826,59.8394093884159,0.1917650120094,1.05806103604877
0.699248120300752,75.4600298570748,59.8685434559048,0.18957491045004,1.05954972016507
0.701754385964912,75.5234606390143,59.8972447346492,0.187391808185479,1.06105724838412
0.704260651629073,75.5864186171252,59.9255165241232,0.185215741382999,1.0625836207059
0.706766917293233,75.6489060820213,59.953362097879,0.183046746704366,1.06412883713042
0.709273182957393,75.7109252935395,59.9807847037677,0.180884861316869,1.06569289765768
0.711779448621554,75.7724784808217,60.0077875641589,0.178730122904705,1.06727580228767
0.714285714285714,75.8335678423878,60.0343738761578,0.176582569680714,1.06887755102041
0.716791979949875,75.894195546199,60.0605468118201,0.174442240398493,1.07049814385588
0.719298245614035,75.9543637297125,60.0863095183657,0.172309174364889,1.07213758079409
0.721804511278195,76.0140744999266,60.1116651183898,0.170183411452907,1.07379586183504
0.724310776942356,76.0733299334153,60.1366167100717,0.16806499211502,1.07547298697872
0.726817042606516,76.1321320763539,60.1611673673831,0.165953957396937,1.07716895622515
0.729323308270677,76.1904829445342,60.1853201402929,0.163850348951807,1.07888376957431
0.731829573934837,76.2483845233686,60.2090780549709,0.16175420905491,1.08061742702621
0.734335839598998,76.3058387678838,60.2324441139899,0.159665580618841,1.08236992858085
0.736842105263158,76.3628476027038,60.2554212965251,0.157584507209211,1.08414127423823
0.739348370927318,76.4194129220211,60.2780125585523,0.155511033060883,1.08593146399834
0.741854636591479,76.4755365895554,60.3002208330443,0.153445203094779,1.08774049786119
0.744360902255639,76.5312204385021,60.3220490301651,0.151387062935273,1.08956837582679
0.746867167919799,76.586466271466,60.3435000374627,0.149336658928196,1.09141509789511
0.74937343358396,76.6412758603838,60.3645767200599,0.14729403815949,1.09328066406618
0.75187969924812,76.6956509464322,60.3852819208434,0.145259248474532,1.09516507433999
0.754385964912281,76.7495932399225,60.4056184606516,0.143232338498163,1.09706832871653
0.756892230576441,76.8031044201811,60.4255891384596,0.141213357655454,1.09899042719581
0.759398496240602,76.856186135414,60.4451967315639,0.139202356193246,1.10093136977783
0.761904761904762,76.9088400025574,60.4644439957641,0.137199385202503,1.10289115646258
0.764411027568922,76.9610676071108,60.4833336655443,0.135204496641503,1.10486978725008
0.766917293233083,77.0128705029541,60.5018684542514,0.133217743359932,1.10686726214031
0.769423558897243,77.0642502121471,60.520051054273,0.131239179123908,1.10888358113328
0.771929824561403,77.1152082247107,60.5378841372129,0.129268858641982,1.11091874422899
0.774436090225564,77.1657459983891,60.5553703540653,0.127306837592181,1.11297275142744
0.776942355889724,77.2158649583928,60.5725123353877,0.12535317265012,1.11504560272863
0.779448621553885,77.2655664971196,60.5893126914714,0.123407921518271,1.11713729813255
0.781954887218045,77.3148519738554,60.6057740125116,0.121471142956419,1.11924783763921
0.784461152882206,77.3637227144515,60.6218988687747,0.119542896813386,1.12137722124861
0.786967418546366,77.4121800109781,60.6376898107651,0.117623244060088,1.12352544896075
0.789473684210526,77.4602251213532,60.6531493693903,0.11571224682399,1.12569252077562
0.791979949874687,77.5078592689453,60.6682800561236,0.113809968425046,1.12787843669324
0.794486215538847,77.5550836421481,60.6830843631669,0.111916473413202,1.13008319671359
0.796992481203007,77.6018993939269,60.6975647636106,0.110031827607539,1.13230680083668
0.799498746867168,77.6483076413342,60.7117237115927,0.108156098137174,1.13454924906251
0.802005012531328,77.694309464993,60.7255636424565,0.106289353483997,1.13681054139107
0.804511278195489,77.7399059085464,60.7390869729069,0.104431663527358,1.13909067782238
0.807017543859649,77.7850979780715,60.7522961011648,0.102583099590827,1.14138965835642
0.80952380952381,77.8298866414556,60.7651934071207,0.100743734491139,1.1437074829932
0.81203007518797,77.8742728277315,60.7777812524867,0.0989136425894675,1.14604415173272
0.81453634085213,77.9182574263714,60.7900619809469,0.0970928998451592,1.14839966457497
0.817042606516291,77.9618412865358,60.8020379183068,0.0952815838720909,1.15077402151997
0.819548872180451,78.0050252162738,60.8137113726415,0.0934797739978098,1.1531672225677
0.822055137844611,78.0478099816738,60.8250846344415,0.0916875513256374,1.15557926771817
0.824561403508772,78.0901963059598,60.8361599767588,0.089904998799927,1.15801015697138
0.827067669172932,78.1321848685303,60.8469396553504,0.088132201274685,1.16045989032732
0.829573934837093,78.1737763039369,60.8574259088212,0.0863692455857775,1.16292846778601
0.832080200501253,78.2149712007964,60.867620958765,0.0846162206269677,1.16541588934743
0.834586466165414,78.2557701006348,60.8775270099052,0.0828732174300442,1.16792215501159
0.837092731829574,78.2961734966558,60.8871462502332,0.0811403292493301,1.17044726477849
0.839598997493734,78.3361818324304,60.8964808511463,0.0794176516508773,1.17299121864812
0.842105263157895,78.3757955005012,60.905532967584,0.0777052826066888,1.1755540166205
0.844611528822055,78.4150148408944,60.9143047381631,0.0760033225943313,1.17813565869561
0.847117794486215,78.4538401395354,60.9227982853118,0.0743118747023433,1.18073614487346
0.849624060150376,78.4922716265565,60.9310157154026,0.0726310447418705,1.18335547515405
0.852130325814536,78.5303094744927,60.9389591188835,0.0709609413650113,1.18599364953738
0.854636591478697,78.5679537963543,60.9466305704087,0.0693016761903922,1.18865066802344
0.857142857142857,78.6052046435667,60.9540321289679,0.0676533639365494,1.19132653061224
0.859649122807018,78.642062003768,60.9611658380143,0.0660161225637436,1.19402123730379
0.862155388471178,78.6785257984515,60.9680337255916,0.0643900734249052,1.19673478809806
0.864661654135338,78.7145958804396,60.9746378044598,0.0627753414264698,1.19946718299508
0.867167919799499,78.7502720311769,60.98098007222,0.0611720551999496,1.20221842199484
0.869674185463659,78.7855539578241,60.9870625114378,0.0595803472851703,1.20498850509733
0.87218045112782,78.8204412901362,60.9928870897663,0.0580003543262087,1.20777743230256
0.87468671679198,78.854933577106,60.9984557600671,0.0564322172811721,1.21058520361053
0.87719298245614,78.8890302833497,61.0037704605306,0.054876081647099,1.21341181902124
0.879699248120301,78.9227307852113,61.0088331147959,0.053332097701394,1.21625727853468
0.882205513784461,78.9560343665582,61.0136456320682,0.0518004207613873,1.21912158215087
0.884711779448622,78.9889402142376,61.0182099072366,0.0502812114637881,1.22200472986979
0.887218045112782,79.0214474131593,61.0225278209902,0.0487746360660232,1.22490672169145
0.889724310776942,79.0535549409669,61.0266012399329,0.0472808667716957,1.22782755761584
0.892230576441103,79.0852616622531,61.0304320166978,0.0458000820826873,1.23076723764298
0.894736842105263,79.116566322271,61.0340219900601,0.044332467180749,1.23372576177285
0.897243107769424,79.1474675400843,61.0373729850497,0.042878214341812,1.23670313000546
0.899749373433584,79.1779638010943,61.0404868130617,0.0414375233866857,1.23969934234081
0.902255639097744,79.2080534488706,61.0433652719667,0.040010602172325,1.2427143987789
0.904761904761905,79.2377346762024,61.0460101462204,0.0385976671284477,1.24574829931973
0.907268170426065,79.2670055152757,61.0484232069713,0.0371989438449883,1.24880104396329
0.909774436090226,79.295863826867,61.0506062121684,0.0358146677167002,1.25187263270959
0.912280701754386,79.3243072884258,61.052560906667,0.0344450846522035,1.25496306555863
0.914786967418546,79.3523333808991,61.0542890223348,0.033090451855935,1.25807234251041
0.917293233082707,79.3799393741268,61.0557922781556,0.031751038692855,1.26120046356493
0.919799498746867,79.4071223106066,61.0570723803337,0.0304271276474263,1.26434742872218
0.922305764411028,79.4338789873917,61.0581310223956,0.0291190153903999,1.26751323798217
0.924812030075188,79.460205935843,61.0589698852925,0.0278270139693753,1.2706978913449
0.927318295739348,79.4860993989046,61.059590637501,0.0265514521420824,1.27390138881037
0.929824561403509,79.5115553055057,61.0599949351229,0.0252926768749778,1.27712373037858
0.932330827067669,79.5365692416145,61.0601844219844,0.0240510550342591,1.28036491604952
0.93483709273183,79.5611364173705,61.0601607297344,0.0228269753020058,1.2836249458232
0.93734335839599,79.5852516295963,61.0599254779417,0.0216208503571802,1.28690381969962
0.93984962406015,79.6089092188342,61.0594802741919,0.0204331193700978,1.29020153767878
0.942355889724311,79.6321030198532,61.0588267141828,0.0192642508702812,1.29351809976068
0.944862155388471,79.6548263043137,61.0579663818193,0.0181147460621533,1.29685350594531
0.947368421052632,79.6770717139432,61.0569008493077,0.0169851426819123,1.30020775623269
0.949874686716792,79.6988311821355,61.0556316772484,0.0158760195137289,1.3035808506228
0.952380952380952,79.7200958413039,61.0541604147291,0.0147880017163605,1.30697278911565
0.954887218045113,79.7408559125254,61.0524885994155,0.0137217671556275,1.31038357171123
0.957393483709273,79.7611005729433,61.050617757643,0.0126780539987422,1.31381319840956
0.959899749373434,79.7808177948948,61.0485494045061,0.0116576699104229,1.31726166921062
0.962406015037594,79.7999941486253,61.0462850439478,0.0106615033091401,1.32072898411442
0.964912280701754,79.8186145574125,61.0438261688485,0.00969053731209823,1.32421514312096
0.967418546365915,79.8366619894602,61.0411742611131,0.00874586724768538,1.32772014623024
0.969924812030075,79.8541170641953,61.0383307917585,0.0078287229905785,1.33124399344225
0.972431077694236,79.8709575401869,61.0352972209992,0.00694049795712108,1.33478668475701
0.974937343358396,79.8871576352589,61.0320749983335,0.00608278752862274,1.3383482201745
0.977443609022556,79.9026871017662,61.0286655626278,0.00525744121088634,1.34192859969473
0.979949874686717,79.9175099322113,61.0250703422005,0.00446663550310899,1.34552782331769
0.982456140350877,79.9315824832555,61.0212907549055,0.00371297930288678,1.3491458910434
0.984962406015038,79.9448506370122,61.0173282082149,0.00299967308841453,1.35278280287184
0.987468671679198,79.9572452631676,61.0131840993004,0.00233076287503521,1.35643855880302
0.989974937343358,79.9686744190428,61.008859815115,0.0017115758433285,1.36011315883694
0.992481203007519,79.9790085179928,61.0043567324728,0.00114954696928665,1.3638066029736
0.994987468671679,79.9880474845796,60.9996762181294,0.000656045679096525,1.36751889121299
0.99749373433584,79.9954257657059,60.9948196288607,0.000251646477196005,1.37125002355513
1,79.9999911961837,60.9897883115412,4.85460505567679e-07,1.375
